/*
SQLyog Ultimate v12.09 (64 bit)
MySQL - 8.0.19 : Database - newchat
*********************************************************************
*/

/*!40101 SET NAMES utf8 */;

/*!40101 SET SQL_MODE=''*/;

/*!40014 SET @OLD_UNIQUE_CHECKS=@@UNIQUE_CHECKS, UNIQUE_CHECKS=0 */;
/*!40014 SET @OLD_FOREIGN_KEY_CHECKS=@@FOREIGN_KEY_CHECKS, FOREIGN_KEY_CHECKS=0 */;
/*!40101 SET @OLD_SQL_MODE=@@SQL_MODE, SQL_MODE='NO_AUTO_VALUE_ON_ZERO' */;
/*!40111 SET @OLD_SQL_NOTES=@@SQL_NOTES, SQL_NOTES=0 */;
CREATE DATABASE /*!32312 IF NOT EXISTS*/`newchat` /*!40100 DEFAULT CHARACTER SET utf8mb4 COLLATE utf8mb4_0900_ai_ci */ /*!80016 DEFAULT ENCRYPTION='N' */;

USE `newchat`;

/*Table structure for table `apply_records` */

DROP TABLE IF EXISTS `apply_records`;

CREATE TABLE `apply_records` (
  `id` int unsigned NOT NULL AUTO_INCREMENT,
  `created_at` timestamp NULL DEFAULT NULL,
  `updated_at` timestamp NULL DEFAULT NULL,
  `deleted_at` timestamp NULL DEFAULT NULL,
  `status` tinyint DEFAULT '0' COMMENT '0 审核中 ， 1 同意',
  `friend_id` int DEFAULT '0' COMMENT '朋友id',
  `user_id` int DEFAULT '0' COMMENT '用户id',
  `remarks` varchar(255) CHARACTER SET utf8 COLLATE utf8_general_ci DEFAULT '' COMMENT '用户备注名',
  PRIMARY KEY (`id`) USING BTREE,
  KEY `index_fri` (`friend_id`),
  KEY `index_use` (`user_id`),
  KEY `idx_jwt_blacklists_deleted_at` (`deleted_at`) USING BTREE,
  KEY `idx_jwt_blacklist_deleted_at` (`deleted_at`)
) ENGINE=InnoDB AUTO_INCREMENT=25 DEFAULT CHARSET=utf8 ROW_FORMAT=COMPACT;

/*Data for the table `apply_records` */

insert  into `apply_records`(`id`,`created_at`,`updated_at`,`deleted_at`,`status`,`friend_id`,`user_id`,`remarks`) values (21,'2021-04-09 19:05:54','2021-04-09 19:05:54',NULL,1,4803,2053,'小明'),(22,'2021-04-10 11:51:48','2021-04-10 11:51:48',NULL,1,1534,2053,'小王'),(23,'2021-04-10 20:13:22','2021-04-10 20:13:22',NULL,1,2053,350,'小燕子'),(24,'2021-04-12 15:06:17','2021-04-12 15:06:17',NULL,1,350,2053,'小王');

/*Table structure for table `article_class` */

DROP TABLE IF EXISTS `article_class`;

CREATE TABLE `article_class` (
  `id` int unsigned NOT NULL AUTO_INCREMENT,
  `created_at` timestamp NULL DEFAULT NULL,
  `updated_at` timestamp NULL DEFAULT NULL,
  `deleted_at` timestamp NULL DEFAULT NULL,
  `default` int DEFAULT '0' COMMENT '备用',
  `sort` int DEFAULT '0' COMMENT '用户id',
  `name` varchar(1000) CHARACTER SET utf8 COLLATE utf8_general_ci DEFAULT '' COMMENT '类型名称',
  `user_id` int DEFAULT '0' COMMENT '用户id',
  PRIMARY KEY (`id`) USING BTREE,
  KEY `index_user` (`sort`),
  KEY `idx_messages_list_deleted_at` (`deleted_at`) USING BTREE
) ENGINE=InnoDB AUTO_INCREMENT=15 DEFAULT CHARSET=utf8 ROW_FORMAT=COMPACT;

/*Data for the table `article_class` */

insert  into `article_class`(`id`,`created_at`,`updated_at`,`deleted_at`,`default`,`sort`,`name`,`user_id`) values (12,'2021-03-04 17:13:44','2021-03-04 17:13:44',NULL,0,0,'php',12),(13,'2021-03-04 17:13:48','2021-03-04 17:13:48','2021-03-04 17:35:05',0,0,'php',12),(14,'2021-03-04 17:46:32','2021-03-04 17:46:32',NULL,0,1,'php1',12);

/*Table structure for table `article_list` */

DROP TABLE IF EXISTS `article_list`;

CREATE TABLE `article_list` (
  `id` int unsigned NOT NULL AUTO_INCREMENT,
  `created_at` timestamp NULL DEFAULT NULL,
  `updated_at` timestamp NULL DEFAULT NULL,
  `deleted_at` timestamp NULL DEFAULT NULL,
  `class_id` int DEFAULT '0' COMMENT '类型id',
  `user_id` int DEFAULT '0' COMMENT '用户id',
  `heart` int DEFAULT '0' COMMENT '是否是星标',
  `status` int DEFAULT '1' COMMENT '状态2是删除状态，1是正常状态',
  `title` varchar(200) CHARACTER SET utf8 COLLATE utf8_general_ci DEFAULT '' COMMENT '笔记标题',
  `image` varchar(500) CHARACTER SET utf8 COLLATE utf8_general_ci DEFAULT '' COMMENT '图片链接',
  `abstract` varchar(1000) CHARACTER SET utf8 COLLATE utf8_general_ci DEFAULT '' COMMENT '内容',
  PRIMARY KEY (`id`) USING BTREE,
  KEY `index_user` (`class_id`),
  KEY `index_status` (`status`),
  KEY `idx_messages_list_deleted_at` (`deleted_at`) USING BTREE
) ENGINE=InnoDB AUTO_INCREMENT=14 DEFAULT CHARSET=utf8 ROW_FORMAT=COMPACT;

/*Data for the table `article_list` */

insert  into `article_list`(`id`,`created_at`,`updated_at`,`deleted_at`,`class_id`,`user_id`,`heart`,`status`,`title`,`image`,`abstract`) values (12,NULL,NULL,NULL,12,12,0,1,'你好','噼里啪啦','中华人民共和国'),(13,NULL,NULL,NULL,14,12,0,1,'你好','噼里啪啦1','中华人民共和国1');

/*Table structure for table `article_tag_list` */

DROP TABLE IF EXISTS `article_tag_list`;

CREATE TABLE `article_tag_list` (
  `id` int unsigned NOT NULL AUTO_INCREMENT,
  `created_at` timestamp NULL DEFAULT NULL,
  `updated_at` timestamp NULL DEFAULT NULL,
  `deleted_at` timestamp NULL DEFAULT NULL,
  `article_id` int DEFAULT '0' COMMENT 'id',
  `tags_id` int DEFAULT '0' COMMENT '类型id',
  `user_id` int DEFAULT '0' COMMENT '用户id',
  PRIMARY KEY (`id`) USING BTREE,
  KEY `index_user` (`article_id`),
  KEY `index_tags` (`tags_id`),
  KEY `idx_messages_list_deleted_at` (`deleted_at`) USING BTREE
) ENGINE=InnoDB AUTO_INCREMENT=13 DEFAULT CHARSET=utf8 ROW_FORMAT=COMPACT;

/*Data for the table `article_tag_list` */

insert  into `article_tag_list`(`id`,`created_at`,`updated_at`,`deleted_at`,`article_id`,`tags_id`,`user_id`) values (12,NULL,NULL,NULL,12,13,12);

/*Table structure for table `article_tags` */

DROP TABLE IF EXISTS `article_tags`;

CREATE TABLE `article_tags` (
  `id` int unsigned NOT NULL AUTO_INCREMENT,
  `created_at` timestamp NULL DEFAULT NULL,
  `updated_at` timestamp NULL DEFAULT NULL,
  `deleted_at` timestamp NULL DEFAULT NULL,
  `name` varchar(500) CHARACTER SET utf8 COLLATE utf8_general_ci DEFAULT '' COMMENT '标签名称',
  `user_id` int DEFAULT '0' COMMENT '用户id',
  PRIMARY KEY (`id`) USING BTREE,
  KEY `idx_messages_list_deleted_at` (`deleted_at`) USING BTREE
) ENGINE=InnoDB AUTO_INCREMENT=15 DEFAULT CHARSET=utf8 ROW_FORMAT=COMPACT;

/*Data for the table `article_tags` */

insert  into `article_tags`(`id`,`created_at`,`updated_at`,`deleted_at`,`name`,`user_id`) values (12,NULL,NULL,NULL,'标签1',12),(13,NULL,NULL,NULL,'标签2',12),(14,NULL,NULL,NULL,'标签3',12);

/*Table structure for table `contacts` */

DROP TABLE IF EXISTS `contacts`;

CREATE TABLE `contacts` (
  `id` int unsigned NOT NULL AUTO_INCREMENT,
  `created_at` timestamp NULL DEFAULT NULL,
  `updated_at` timestamp NULL DEFAULT NULL,
  `deleted_at` timestamp NULL DEFAULT NULL,
  `friend_status` tinyint DEFAULT '1' COMMENT '2 是好友 ， 1 审核中',
  `friend_id` int DEFAULT '0' COMMENT '好友id',
  `user_id` int DEFAULT '0' COMMENT '好友id',
  `friend_remark` varchar(255) CHARACTER SET utf8 COLLATE utf8_general_ci DEFAULT '' COMMENT '用户备注名',
  `not_disturb` int DEFAULT '0' COMMENT '是否开启免打扰',
  `is_top` int DEFAULT '0' COMMENT '是否置顶',
  PRIMARY KEY (`id`) USING BTREE,
  UNIQUE KEY `index_id` (`friend_id`,`user_id`) USING BTREE,
  KEY `index_fri` (`friend_id`),
  KEY `index_use` (`user_id`),
  KEY `idx_messages_list_deleted_at` (`deleted_at`) USING BTREE
) ENGINE=InnoDB AUTO_INCREMENT=38 DEFAULT CHARSET=utf8 ROW_FORMAT=COMPACT;

/*Data for the table `contacts` */

insert  into `contacts`(`id`,`created_at`,`updated_at`,`deleted_at`,`friend_status`,`friend_id`,`user_id`,`friend_remark`,`not_disturb`,`is_top`) values (30,'2021-04-09 19:07:15','2021-04-09 19:07:15',NULL,1,4803,2053,'小红',0,2),(31,'2021-04-09 19:07:15','2021-04-09 19:07:15',NULL,1,2053,4803,'小王',0,0),(32,'2021-04-10 11:52:40','2021-04-10 11:52:40',NULL,1,1534,2053,'明啊',0,0),(33,'2021-04-10 11:52:40','2021-04-10 11:52:40',NULL,1,2053,1534,'小王',0,1),(36,'2021-04-12 15:06:31','2021-04-12 15:06:31',NULL,1,350,2053,'燕',0,0),(37,'2021-04-12 15:06:31','2021-04-12 15:06:31',NULL,1,2053,350,'小王',0,1);

/*Table structure for table `emoticon` */

DROP TABLE IF EXISTS `emoticon`;

CREATE TABLE `emoticon` (
  `id` int unsigned NOT NULL AUTO_INCREMENT,
  `created_at` timestamp NULL DEFAULT NULL,
  `updated_at` timestamp NULL DEFAULT NULL,
  `deleted_at` timestamp NULL DEFAULT NULL,
  `status` tinyint DEFAULT '0' COMMENT '移除，显示',
  `user_id` int DEFAULT '0' COMMENT '用户id',
  `src` varchar(255) CHARACTER SET utf8 COLLATE utf8_general_ci DEFAULT '' COMMENT '表情地址',
  `name` varchar(250) DEFAULT '' COMMENT '系统名称',
  `save_dir` varchar(255) DEFAULT '' COMMENT '文件路径',
  `file_suffix` varchar(255) DEFAULT '' COMMENT '文件类型',
  `size` int DEFAULT '0' COMMENT '文件大小',
  PRIMARY KEY (`id`) USING BTREE,
  KEY `index_fri` (`user_id`),
  KEY `idx_jwt_blacklists_deleted_at` (`deleted_at`) USING BTREE,
  KEY `idx_jwt_blacklist_deleted_at` (`deleted_at`)
) ENGINE=InnoDB AUTO_INCREMENT=48 DEFAULT CHARSET=utf8 ROW_FORMAT=COMPACT;

/*Data for the table `emoticon` */

insert  into `emoticon`(`id`,`created_at`,`updated_at`,`deleted_at`,`status`,`user_id`,`src`,`name`,`save_dir`,`file_suffix`,`size`) values (47,'2021-04-13 14:09:33','2021-04-13 14:09:33',NULL,1,2053,'http://127.0.0.1:8888/uploads/file/img/7ed9cf88-fd1d-436b-a02a-5b77a4b56e39_580x580.gif','2356.gif_wh860.gif','uploads/file/img/7ed9cf88-fd1d-436b-a02a-5b77a4b56e39_580x580.gif','gif',78928);

/*Table structure for table `file` */

DROP TABLE IF EXISTS `file`;

CREATE TABLE `file` (
  `id` int unsigned NOT NULL AUTO_INCREMENT,
  `save_type` tinyint DEFAULT '0' COMMENT '保存类型',
  `record_id` int DEFAULT '0' COMMENT '消息id',
  `user_id` int DEFAULT '0' COMMENT '用户id',
  `file_source` int DEFAULT '0' COMMENT '群聊，还是私聊',
  `file_type` int DEFAULT '0' COMMENT '消息id',
  `file_size` int DEFAULT '0' COMMENT '文件大小',
  `original_name` varchar(255) CHARACTER SET utf8 COLLATE utf8_general_ci DEFAULT '' COMMENT '文件名称',
  `file_suffix` varchar(255) CHARACTER SET utf8 COLLATE utf8_general_ci DEFAULT '' COMMENT '文件扩展名',
  `save_dir` varchar(255) CHARACTER SET utf8 COLLATE utf8_general_ci DEFAULT '' COMMENT '保存路径',
  `file_url` varchar(255) CHARACTER SET utf8 COLLATE utf8_general_ci DEFAULT '' COMMENT '文件url',
  PRIMARY KEY (`id`) USING BTREE,
  KEY `index_rec` (`record_id`)
) ENGINE=InnoDB AUTO_INCREMENT=72 DEFAULT CHARSET=utf8 ROW_FORMAT=COMPACT;

/*Data for the table `file` */

insert  into `file`(`id`,`save_type`,`record_id`,`user_id`,`file_source`,`file_type`,`file_size`,`original_name`,`file_suffix`,`save_dir`,`file_url`) values (12,0,32,12,1,1,1,'a8c11be06eae95d79a615e2351e2dac6.jpg','jpg','uploads/file/img/fab97b2b-dcdb-4dfa-9400-df3d62ae29fd.jpg','http://127.0.0.1:8888/uploads/file/img/fab97b2b-dcdb-4dfa-9400-df3d62ae29fd.jpg'),(13,0,33,12,1,1,1,'a8c11be06eae95d79a615e2351e2dac6.jpg','jpg','uploads/file/img/01db3bae-b43f-4b0c-973c-b271846cf52c.jpg','http://127.0.0.1:8888/uploads/file/img/01db3bae-b43f-4b0c-973c-b271846cf52c.jpg'),(14,0,35,12,1,1,32282,'a8c11be06eae95d79a615e2351e2dac6.jpg','.jpg','uploads/file/img/b8689445-127a-4a34-95e3-2c17e4a23a1c.jpg','http://127.0.0.1:8888/uploads/file/img/b8689445-127a-4a34-95e3-2c17e4a23a1c.jpg'),(15,0,36,12,1,1,22779,'65252be5c6e7e8ace4458e517cb5ad08.jpg','jpg','uploads/file/img/42591d94-a09d-4dda-8b4d-cf28c0268bac.jpg','http://127.0.0.1:8888/uploads/file/img/42591d94-a09d-4dda-8b4d-cf28c0268bac.jpg'),(16,0,41,12,1,1,32282,'a8c11be06eae95d79a615e2351e2dac6.jpg','jpg','uploads/file/img/cfcc238f-323b-4a35-aa2c-153894d53927.jpg','http://127.0.0.1:8888/uploads/file/img/cfcc238f-323b-4a35-aa2c-153894d53927.jpg'),(17,0,42,12,1,1,32282,'a8c11be06eae95d79a615e2351e2dac6.jpg','jpg','uploads/file/img/c5fda72e-2a01-419d-a85a-de9ee35f6f56_x.jpg','http://127.0.0.1:8888/uploads/file/img/c5fda72e-2a01-419d-a85a-de9ee35f6f56_x.jpg'),(18,0,43,12,1,1,32282,'a8c11be06eae95d79a615e2351e2dac6.jpg','jpg','uploads/file/img/acf6b20b-ed9b-4727-af05-57b17ada3860_x.jpg','http://127.0.0.1:8888/uploads/file/img/acf6b20b-ed9b-4727-af05-57b17ada3860_x.jpg'),(19,0,44,12,1,1,22779,'65252be5c6e7e8ace4458e517cb5ad08.jpg','jpg','uploads/file/img/77825e11-26f9-46ee-95d0-47f8a818826b_0x0.jpg','http://127.0.0.1:8888/uploads/file/img/77825e11-26f9-46ee-95d0-47f8a818826b_0x0.jpg'),(20,0,45,12,1,1,32282,'a8c11be06eae95d79a615e2351e2dac6.jpg','jpg','uploads/file/img/00d75b45-864f-457b-ba5d-6377e4478405_123x567.jpg','http://127.0.0.1:8888/uploads/file/img/00d75b45-864f-457b-ba5d-6377e4478405_123x567.jpg'),(21,0,46,12,1,1,32282,'a8c11be06eae95d79a615e2351e2dac6.jpg','jpg','uploads/file/img/d66881db-e047-4a50-a8d2-43f27465c2cb_0x0.jpg','http://127.0.0.1:8888/uploads/file/img/d66881db-e047-4a50-a8d2-43f27465c2cb_0x0.jpg'),(22,0,47,12,1,1,32282,'a8c11be06eae95d79a615e2351e2dac6.jpg','jpg','uploads/file/img/4571d126-72e1-4db8-afd0-4601bad864ab_x.jpg','http://127.0.0.1:8888/uploads/file/img/4571d126-72e1-4db8-afd0-4601bad864ab_x.jpg'),(23,0,48,12,1,1,32282,'a8c11be06eae95d79a615e2351e2dac6.jpg','jpg','uploads/file/img/50b6a656-3899-4c01-817d-46b360c1e13f_x.jpg','http://127.0.0.1:8888/uploads/file/img/50b6a656-3899-4c01-817d-46b360c1e13f_x.jpg'),(24,0,49,12,1,1,32282,'a8c11be06eae95d79a615e2351e2dac6.jpg','jpg','uploads/file/img/749f3264-8c3d-4c84-8c79-381fe8bd7e0f_x.jpg','http://127.0.0.1:8888/uploads/file/img/749f3264-8c3d-4c84-8c79-381fe8bd7e0f_x.jpg'),(25,0,50,12,1,1,32282,'a8c11be06eae95d79a615e2351e2dac6.jpg','jpg','uploads/file/img/4c9a32f4-000a-4b5c-9eba-907e01b7f09e_690x690.jpg','http://127.0.0.1:8888/uploads/file/img/4c9a32f4-000a-4b5c-9eba-907e01b7f09e_690x690.jpg'),(26,0,74,12,2,1,32282,'a8c11be06eae95d79a615e2351e2dac6.jpg','jpg','uploads/file/img/1c8a3ffd-096d-4f5a-9182-97fecc80e4b9_690x690.jpg','http://127.0.0.1:8888/uploads/file/img/1c8a3ffd-096d-4f5a-9182-97fecc80e4b9_690x690.jpg'),(27,0,75,12,1,1,32282,'a8c11be06eae95d79a615e2351e2dac6.jpg','jpg','uploads/file/img/a828f71f-55aa-4631-9a20-f315e00c8938_690x690.jpg','http://127.0.0.1:8888/uploads/file/img/a828f71f-55aa-4631-9a20-f315e00c8938_690x690.jpg'),(28,0,125,13,1,1,11523,'D:\\zhou\\src\\cardsys\\assets\\img\\paylogo.png','png','uploads/file/img/ad656f22-e583-495b-a570-bd08a9812398_158x55.png','http://127.0.0.1:8888/uploads/file/img/ad656f22-e583-495b-a570-bd08a9812398_158x55.png'),(29,0,127,13,1,1,11523,'D:\\zhou\\src\\cardsys\\assets\\img\\paylogo.png','png','uploads/file/img/ac759f06-c7b4-4e87-a0b7-3d47dd8ee3e4_158x55.png','http://127.0.0.1:8888/uploads/file/img/ac759f06-c7b4-4e87-a0b7-3d47dd8ee3e4_158x55.png'),(30,0,173,13,1,1,9317,'error.jpg','jpg','uploads/file/img/56496abd-a152-4584-9f84-ae094aedc06e_255x255.jpg','http://127.0.0.1:8888/uploads/file/img/56496abd-a152-4584-9f84-ae094aedc06e_255x255.jpg'),(31,0,174,12,1,1,22779,'65252be5c6e7e8ace4458e517cb5ad08.jpg','jpg','uploads/file/img/a967f96f-91fe-4b94-a6c1-d317c0f89af8_400x400.jpg','http://127.0.0.1:8888/uploads/file/img/a967f96f-91fe-4b94-a6c1-d317c0f89af8_400x400.jpg'),(32,0,175,12,1,1,22779,'65252be5c6e7e8ace4458e517cb5ad08.jpg','jpg','uploads/file/img/299b16cf-8703-4bfb-bf07-587f84b3ae9b_400x400.jpg','http://127.0.0.1:8888/uploads/file/img/299b16cf-8703-4bfb-bf07-587f84b3ae9b_400x400.jpg'),(33,0,176,12,1,1,10440,'alipay.jpg','jpg','uploads/file/img/ac23705b-032e-43ad-aa78-4cc8ac754877_379x133.jpg','http://127.0.0.1:8888/uploads/file/img/ac23705b-032e-43ad-aa78-4cc8ac754877_379x133.jpg'),(34,0,177,12,1,1,141042,'pay.jpg','jpg','uploads/file/img/15b06007-c0ae-4ea1-8501-e91c29e22828_1547x426.jpg','http://127.0.0.1:8888/uploads/file/img/15b06007-c0ae-4ea1-8501-e91c29e22828_1547x426.jpg'),(35,0,178,12,1,1,141042,'pay.jpg','jpg','uploads/file/img/036089f7-4ff8-441f-a7a9-2aa1c5188b0a_1547x426.jpg','http://127.0.0.1:8888/uploads/file/img/036089f7-4ff8-441f-a7a9-2aa1c5188b0a_1547x426.jpg'),(36,0,179,12,1,1,9317,'error.jpg','jpg','uploads/file/img/0c043ab6-818f-4977-ad51-5d20094e9599_255x255.jpg','http://127.0.0.1:8888/uploads/file/img/0c043ab6-818f-4977-ad51-5d20094e9599_255x255.jpg'),(37,0,180,12,1,1,141042,'pay.jpg','jpg','uploads/file/img/70ac2423-9ee6-4f96-9217-7e28566924ce_1547x426.jpg','http://127.0.0.1:8888/uploads/file/img/70ac2423-9ee6-4f96-9217-7e28566924ce_1547x426.jpg'),(38,0,181,12,1,1,141042,'pay.jpg','jpg','uploads/file/img/fef5462d-4e2f-4192-a445-b3c3378dbbff_1547x426.jpg','http://127.0.0.1:8888/uploads/file/img/fef5462d-4e2f-4192-a445-b3c3378dbbff_1547x426.jpg'),(39,0,184,12,1,1,141042,'pay.jpg','jpg','uploads/file/img/601b3df7-2606-452d-9cae-a9729944c139_1547x426.jpg','http://127.0.0.1:8888/uploads/file/img/601b3df7-2606-452d-9cae-a9729944c139_1547x426.jpg'),(40,0,185,12,1,1,19660,'success.jpg','jpg','uploads/file/img/e92642fe-c000-4d69-87dc-81374b31e91e_744x547.jpg','http://127.0.0.1:8888/uploads/file/img/e92642fe-c000-4d69-87dc-81374b31e91e_744x547.jpg'),(41,0,186,12,1,1,9317,'error.jpg','jpg','uploads/file/img/20213254-378f-4942-9ffd-1ca0bf4cc87a_255x255.jpg','http://127.0.0.1:8888/uploads/file/img/20213254-378f-4942-9ffd-1ca0bf4cc87a_255x255.jpg'),(42,0,187,12,1,1,9317,'error.jpg','jpg','uploads/file/img/9bb74913-768c-41a1-a51b-d580f9650f8b_255x255.jpg','http://127.0.0.1:8888/uploads/file/img/9bb74913-768c-41a1-a51b-d580f9650f8b_255x255.jpg'),(43,0,188,12,1,1,9317,'error.jpg','jpg','uploads/file/img/b92156f9-12ac-4c2e-815e-0b01fc3871d3_255x255.jpg','http://127.0.0.1:8888/uploads/file/img/b92156f9-12ac-4c2e-815e-0b01fc3871d3_255x255.jpg'),(44,0,189,12,1,1,9317,'error.jpg','jpg','uploads/file/img/2fd0b556-7b50-4c71-be70-7d6cc40b8836_255x255.jpg','http://127.0.0.1:8888/uploads/file/img/2fd0b556-7b50-4c71-be70-7d6cc40b8836_255x255.jpg'),(45,0,190,12,1,1,9317,'error.jpg','jpg','uploads/file/img/7725e8f9-adf6-4af1-8a25-9b924246d0ff_255x255.jpg','http://127.0.0.1:8888/uploads/file/img/7725e8f9-adf6-4af1-8a25-9b924246d0ff_255x255.jpg'),(46,0,191,12,1,1,141042,'pay.jpg','jpg','uploads/file/img/3d4b54b3-cbc7-4609-894e-83ab5f311ed0_1547x426.jpg','http://127.0.0.1:8888/uploads/file/img/3d4b54b3-cbc7-4609-894e-83ab5f311ed0_1547x426.jpg'),(47,0,192,12,1,1,10440,'alipay.jpg','jpg','uploads/file/img/c2c4c7b2-c381-46ad-9093-8600cc353738_379x133.jpg','http://127.0.0.1:8888/uploads/file/img/c2c4c7b2-c381-46ad-9093-8600cc353738_379x133.jpg'),(48,0,193,12,1,1,141042,'pay.jpg','jpg','uploads/file/img/ebbf751c-c1e1-4868-b0da-824d6cd8fbb8_1547x426.jpg','http://127.0.0.1:8888/uploads/file/img/ebbf751c-c1e1-4868-b0da-824d6cd8fbb8_1547x426.jpg'),(49,0,194,12,1,1,19660,'success.jpg','jpg','uploads/file/img/7caf34ed-7f0d-42fa-9835-a70175e90d65_744x547.jpg','http://127.0.0.1:8888/uploads/file/img/7caf34ed-7f0d-42fa-9835-a70175e90d65_744x547.jpg'),(50,0,195,12,1,1,10286,'paylogo.jpg','jpg','uploads/file/img/42013ee2-8b72-4df3-8516-0b98c9c6b988_360x120.jpg','http://127.0.0.1:8888/uploads/file/img/42013ee2-8b72-4df3-8516-0b98c9c6b988_360x120.jpg'),(51,0,196,12,1,1,9317,'error.jpg','jpg','uploads/file/img/c21f0fd9-46ef-4fcd-b7f1-e3afd4008d41_255x255.jpg','http://127.0.0.1:8888/uploads/file/img/c21f0fd9-46ef-4fcd-b7f1-e3afd4008d41_255x255.jpg'),(52,0,197,12,1,1,10286,'paylogo.jpg','jpg','uploads/file/img/d32dceac-edc9-421d-9110-089d89b2ad15_360x120.jpg','http://127.0.0.1:8888/uploads/file/img/d32dceac-edc9-421d-9110-089d89b2ad15_360x120.jpg'),(53,0,200,12,1,1,141042,'pay.jpg','jpg','uploads/file/img/89df9f91-3db2-4ad0-b3a6-d94117059d59_1547x426.jpg','http://127.0.0.1:8888/uploads/file/img/89df9f91-3db2-4ad0-b3a6-d94117059d59_1547x426.jpg'),(54,0,201,12,1,1,10286,'paylogo.jpg','jpg','uploads/file/img/93dea9fb-e943-4e89-8aa6-cca798bb3355_360x120.jpg','http://127.0.0.1:8888/uploads/file/img/93dea9fb-e943-4e89-8aa6-cca798bb3355_360x120.jpg'),(55,0,202,12,1,1,9317,'error.jpg','jpg','uploads/file/img/deebca61-b90e-48b1-b17b-b8934b88402d_255x255.jpg','http://127.0.0.1:8888/uploads/file/img/deebca61-b90e-48b1-b17b-b8934b88402d_255x255.jpg'),(56,0,205,12,1,1,141042,'pay.jpg','jpg','uploads/file/img/9b2fc35d-6c0d-4ae6-aa3b-5714f5c479a1_1547x426.jpg','http://127.0.0.1:8888/uploads/file/img/9b2fc35d-6c0d-4ae6-aa3b-5714f5c479a1_1547x426.jpg'),(57,0,206,13,1,1,10286,'paylogo.jpg','jpg','uploads/file/img/4c3ff019-770c-4961-b5fa-a95c39d2c02b_360x120.jpg','http://127.0.0.1:8888/uploads/file/img/4c3ff019-770c-4961-b5fa-a95c39d2c02b_360x120.jpg'),(58,0,222,12,1,1,141042,'pay.jpg','jpg','uploads/file/img/20c033a9-58a9-4747-a650-339c3ceb7ab7_1547x426.jpg','http://127.0.0.1:8888/uploads/file/img/20c033a9-58a9-4747-a650-339c3ceb7ab7_1547x426.jpg'),(59,0,223,13,1,1,9317,'error.jpg','jpg','uploads/file/img/f3056957-0db2-44f6-8629-da4fc445654c_255x255.jpg','http://127.0.0.1:8888/uploads/file/img/f3056957-0db2-44f6-8629-da4fc445654c_255x255.jpg'),(60,0,313,12,2,1,9317,'error.jpg','jpg','uploads/file/img/cc7d4494-9056-4154-b0c6-7e693a39b735_255x255.jpg','http://127.0.0.1:8888/uploads/file/img/cc7d4494-9056-4154-b0c6-7e693a39b735_255x255.jpg'),(61,0,433,12,2,1,19660,'success.jpg','jpg','uploads/file/img/e2e0eddb-1077-49dd-a384-a68a7bfde54e_744x547.jpg','http://127.0.0.1:8888/uploads/file/img/e2e0eddb-1077-49dd-a384-a68a7bfde54e_744x547.jpg'),(62,0,437,12,2,1,9317,'error.jpg','jpg','uploads/file/img/af88efea-959a-4ad2-a3bc-73dc737c7e2d_255x255.jpg','http://127.0.0.1:8888/uploads/file/img/af88efea-959a-4ad2-a3bc-73dc737c7e2d_255x255.jpg'),(63,0,545,4803,1,1,9317,'D:\\zhou\\src\\cardsys\\assets\\img\\error.jpg','jpg','uploads/file/img/1859a7de-cb45-4241-b173-93924ba728a4_255x255.jpg','http://127.0.0.1:8888/uploads/file/img/1859a7de-cb45-4241-b173-93924ba728a4_255x255.jpg'),(64,0,621,1534,2,1,9317,'D:\\zhou\\src\\cardsys\\assets\\img\\error.jpg','jpg','uploads/file/img/75bd25f3-6fbe-4dc9-bcbb-bbd98e8f8c0c_255x255.jpg','http://127.0.0.1:8888/uploads/file/img/75bd25f3-6fbe-4dc9-bcbb-bbd98e8f8c0c_255x255.jpg'),(65,0,752,2053,2,1,6594,'下载.jpg','jpg','uploads/file/img/d775b943-c0fd-42ef-9dd8-8f67a240eee9_249x202.jpg','http://127.0.0.1:8888/uploads/file/img/d775b943-c0fd-42ef-9dd8-8f67a240eee9_249x202.jpg'),(66,0,753,2053,2,1,6594,'下载.jpg','jpg','uploads/file/img/d775b943-c0fd-42ef-9dd8-8f67a240eee9_249x202.jpg','http://127.0.0.1:8888/uploads/file/img/d775b943-c0fd-42ef-9dd8-8f67a240eee9_249x202.jpg'),(67,0,754,2053,2,1,78928,'2356.gif_wh860.gif','gif','uploads/file/img/556bfcc5-445d-40ee-bf3d-482f0d183767_580x580.gif','http://127.0.0.1:8888/uploads/file/img/556bfcc5-445d-40ee-bf3d-482f0d183767_580x580.gif'),(68,0,757,2053,2,1,78928,'2356.gif_wh860.gif','gif','uploads/file/img/5d53aa18-cc59-48da-98c4-49eeec124a9b_580x580.gif','http://127.0.0.1:8888/uploads/file/img/5d53aa18-cc59-48da-98c4-49eeec124a9b_580x580.gif'),(69,0,758,2053,2,1,78928,'2356.gif_wh860.gif','gif','uploads/file/img/a6996c3c-9d6c-4341-8c97-40d1ff521301_580x580.gif','http://127.0.0.1:8888/uploads/file/img/a6996c3c-9d6c-4341-8c97-40d1ff521301_580x580.gif'),(70,0,759,2053,2,1,78928,'2356.gif_wh860.gif','gif','uploads/file/img/52621886-5b82-42a6-a6c7-ac48484d344d_580x580.gif','http://127.0.0.1:8888/uploads/file/img/52621886-5b82-42a6-a6c7-ac48484d344d_580x580.gif'),(71,0,760,2053,2,1,78928,'2356.gif_wh860.gif','gif','uploads/file/img/7ed9cf88-fd1d-436b-a02a-5b77a4b56e39_580x580.gif','http://127.0.0.1:8888/uploads/file/img/7ed9cf88-fd1d-436b-a02a-5b77a4b56e39_580x580.gif');

/*Table structure for table `group_list` */

DROP TABLE IF EXISTS `group_list`;

CREATE TABLE `group_list` (
  `id` int unsigned NOT NULL AUTO_INCREMENT,
  `created_at` timestamp NULL DEFAULT NULL,
  `updated_at` timestamp NULL DEFAULT NULL,
  `deleted_at` timestamp NULL DEFAULT NULL,
  `group_name` varchar(20) NOT NULL COMMENT '群名称',
  `avatar` varchar(255) CHARACTER SET utf8 COLLATE utf8_general_ci DEFAULT 'http://qmplusimg.henrongyi.top/head.png' COMMENT '群图片',
  `group_profile` varchar(500) CHARACTER SET utf8 COLLATE utf8_general_ci DEFAULT '' COMMENT '群简介',
  `manager_id` int DEFAULT '0' COMMENT '管理员id',
  PRIMARY KEY (`id`) USING BTREE,
  KEY `idx_group_list_deleted_at` (`deleted_at`) USING BTREE
) ENGINE=InnoDB AUTO_INCREMENT=9312 DEFAULT CHARSET=utf8 ROW_FORMAT=COMPACT;

/*Data for the table `group_list` */

insert  into `group_list`(`id`,`created_at`,`updated_at`,`deleted_at`,`group_name`,`avatar`,`group_profile`,`manager_id`) values (1316,'2021-04-12 15:46:06','2021-04-12 15:46:06',NULL,'二部','','',2053),(3230,'2021-04-10 18:20:51','2021-04-10 18:20:51',NULL,'哈哈','','',2053);

/*Table structure for table `group_member` */

DROP TABLE IF EXISTS `group_member`;

CREATE TABLE `group_member` (
  `id` int unsigned NOT NULL AUTO_INCREMENT,
  `created_at` timestamp NULL DEFAULT NULL,
  `updated_at` timestamp NULL DEFAULT NULL,
  `deleted_at` timestamp NULL DEFAULT NULL,
  `not_disturb` tinyint(1) DEFAULT '1' COMMENT '是否开启群免打扰:1=开启,0=关闭',
  `is_group_leader` tinyint(1) DEFAULT '1' COMMENT '是否管理员:1=管理员,0=成员 ',
  `group_id` int DEFAULT '0' COMMENT '群组id',
  `user_id` int DEFAULT '0' COMMENT '用户id',
  `visit_card` varchar(100) DEFAULT NULL COMMENT '群名片',
  `is_top` int DEFAULT '0' COMMENT '是否置顶',
  `talk_remove` int DEFAULT '0' COMMENT '是否移除会话',
  PRIMARY KEY (`id`) USING BTREE,
  UNIQUE KEY `index_id` (`group_id`,`user_id`) USING BTREE,
  KEY `index_group_id` (`group_id`),
  KEY `index_user_id` (`user_id`),
  KEY `idx_group_list_deleted_at` (`deleted_at`) USING BTREE,
  KEY `talk_index` (`talk_remove`)
) ENGINE=InnoDB AUTO_INCREMENT=40 DEFAULT CHARSET=utf8 ROW_FORMAT=COMPACT;

/*Data for the table `group_member` */

insert  into `group_member`(`id`,`created_at`,`updated_at`,`deleted_at`,`not_disturb`,`is_group_leader`,`group_id`,`user_id`,`visit_card`,`is_top`,`talk_remove`) values (20,'2021-04-12 15:25:43','2021-04-12 15:25:43',NULL,0,0,3230,350,'',0,0),(23,'2021-04-12 15:27:59','2021-04-12 15:27:59',NULL,0,0,3230,4803,'',0,0),(24,'2021-04-12 15:46:06','2021-04-12 15:46:06',NULL,0,1,1316,2053,'',0,0),(27,'2021-04-12 15:46:06','2021-04-12 15:46:06',NULL,0,0,1316,4803,'',0,0),(29,'2021-04-13 19:19:10','2021-04-13 19:19:10',NULL,0,0,1316,350,'',0,0),(39,'2021-04-14 13:58:47','2021-04-14 13:58:47',NULL,0,0,1316,1534,'',0,0);

/*Table structure for table `group_notice` */

DROP TABLE IF EXISTS `group_notice`;

CREATE TABLE `group_notice` (
  `id` int unsigned NOT NULL AUTO_INCREMENT,
  `created_at` timestamp NULL DEFAULT NULL,
  `updated_at` timestamp NULL DEFAULT NULL,
  `deleted_at` timestamp NULL DEFAULT NULL,
  `group_id` int DEFAULT '0' COMMENT '群组id',
  `user_id` int DEFAULT '0' COMMENT '用户id',
  `title` varchar(255) CHARACTER SET utf8 COLLATE utf8_general_ci DEFAULT '' COMMENT '公告名',
  `content` varchar(1000) CHARACTER SET utf8 COLLATE utf8_general_ci DEFAULT '' COMMENT '公告内容',
  `is_show` tinyint(1) DEFAULT '0' COMMENT '是否展开',
  PRIMARY KEY (`id`) USING BTREE,
  KEY `index_group` (`group_id`),
  KEY `index_user_id` (`user_id`),
  KEY `idx_group_notice_deleted_at` (`deleted_at`) USING BTREE
) ENGINE=InnoDB AUTO_INCREMENT=16 DEFAULT CHARSET=utf8 ROW_FORMAT=COMPACT;

/*Data for the table `group_notice` */

insert  into `group_notice`(`id`,`created_at`,`updated_at`,`deleted_at`,`group_id`,`user_id`,`title`,`content`,`is_show`) values (12,NULL,NULL,NULL,1111,12,'公告2','2021 牛年赚大钱',0),(13,NULL,NULL,NULL,1111,12,'公告1','2020 xixi年赚大钱',0),(14,'2021-03-04 14:03:39','2021-03-04 14:03:39',NULL,1111,12,'你好','低分了',0),(15,'2021-03-04 14:03:53','2021-03-04 14:03:53',NULL,1111,12,'12312','31223123313',0);

/*Table structure for table `jwt_blacklist` */

DROP TABLE IF EXISTS `jwt_blacklist`;

CREATE TABLE `jwt_blacklist` (
  `id` int unsigned NOT NULL AUTO_INCREMENT,
  `created_at` timestamp NULL DEFAULT NULL,
  `updated_at` timestamp NULL DEFAULT NULL,
  `deleted_at` timestamp NULL DEFAULT NULL,
  `jwt` text CHARACTER SET utf8 COLLATE utf8_general_ci,
  PRIMARY KEY (`id`) USING BTREE,
  KEY `idx_jwt_blacklists_deleted_at` (`deleted_at`) USING BTREE,
  KEY `idx_jwt_blacklist_deleted_at` (`deleted_at`)
) ENGINE=InnoDB AUTO_INCREMENT=234 DEFAULT CHARSET=utf8 ROW_FORMAT=COMPACT;

/*Data for the table `jwt_blacklist` */

insert  into `jwt_blacklist`(`id`,`created_at`,`updated_at`,`deleted_at`,`jwt`) values (1,'2021-02-19 19:44:41','2021-02-19 19:44:41',NULL,'eyJhbGciOiJIUzI1NiIsInR5cCI6IkpXVCJ9.eyJJRCI6MTIsIk1vYmlsZSI6IjE4Nzk4MjcyMDU0IiwiTmlja05hbWUiOiJ4aXhpIiwiQnVmZmVyVGltZSI6ODY0MDAsImV4cCI6MTYxNDMzOTg3MywiaXNzIjoicW1QbHVzIiwibmJmIjoxNjEzNzM0MDczfQ.DPUyas_qULHii6oTnjkVSUePjnfuez2C-pMCa0eC3yQ'),(2,'2021-02-20 11:53:32','2021-02-20 11:53:32',NULL,'eyJhbGciOiJIUzI1NiIsInR5cCI6IkpXVCJ9.eyJJRCI6MTIsIk1vYmlsZSI6IjE4Nzk4MjcyMDU0IiwiTmlja05hbWUiOiJ4aXhpIiwiQnVmZmVyVGltZSI6ODY0MDAsImV4cCI6MTYxNDM5Nzg2OCwiaXNzIjoicW1QbHVzIiwibmJmIjoxNjEzNzkyMDY4fQ.UWezNrXpbBAbEGRFJba_rq_uRMIzBmt7gD-6mqqd3yE'),(3,'2021-02-20 18:12:07','2021-02-20 18:12:07',NULL,'eyJhbGciOiJIUzI1NiIsInR5cCI6IkpXVCJ9.eyJJRCI6MTIsIk1vYmlsZSI6IjE4Nzk4MjcyMDU0IiwiTmlja05hbWUiOiJ4aXhpIiwiQnVmZmVyVGltZSI6ODY0MDAsImV4cCI6MTYxNDQyMDY4MiwiaXNzIjoicW1QbHVzIiwibmJmIjoxNjEzODE0ODgyfQ.v2nPLg1r4UWCEsYDETog6pdZOEnqkvltrfOvW5BvOXs'),(4,'2021-02-22 13:51:33','2021-02-22 13:51:33',NULL,'eyJhbGciOiJIUzI1NiIsInR5cCI6IkpXVCJ9.eyJJRCI6MTIsIk1vYmlsZSI6IjE4Nzk4MjcyMDU0IiwiTmlja05hbWUiOiJ4aXhpIiwiQnVmZmVyVGltZSI6ODY0MDAsImV4cCI6MTYxNDQyMDc0MCwiaXNzIjoicW1QbHVzIiwibmJmIjoxNjEzODE0OTQwfQ.qgTaw6s_M4szFth9kVjn4mmU-wnkf_YFG2t8QZF4u_4'),(97,'2021-02-23 20:43:00','2021-02-23 20:43:00',NULL,'eyJhbGciOiJIUzI1NiIsInR5cCI6IkpXVCJ9.eyJJRCI6MTIsIk1vYmlsZSI6IjE4Nzk4MjcyMDU0IiwiTmlja05hbWUiOiIiLCJCdWZmZXJUaW1lIjo4NjQwMCwiZXhwIjoxNjE0NjgyNjE3LCJpc3MiOiJxbVBsdXMiLCJuYmYiOjE2MTQwNzY4MTd9.miFMPJHzte2NkMBxkdQHNXOso-UCH61IEAVRD2TeChM'),(98,'2021-02-24 13:14:29','2021-02-24 13:14:29',NULL,'eyJhbGciOiJIUzI1NiIsInR5cCI6IkpXVCJ9.eyJJRCI6MTIsIk1vYmlsZSI6IjE4Nzk4MjcyMDU0IiwiTmlja05hbWUiOiIiLCJCdWZmZXJUaW1lIjo4NjQwMCwiZXhwIjoxNjE0NzQzMjYyLCJpc3MiOiJxbVBsdXMiLCJuYmYiOjE2MTQxMzc0NjJ9.SGGFnLuck7Gf6IrwFHoPmyyUKMUBOFvxFir2jREV_Kg'),(99,'2021-02-25 10:59:48','2021-02-25 10:59:48',NULL,'eyJhbGciOiJIUzI1NiIsInR5cCI6IkpXVCJ9.eyJJRCI6MTIsIk1vYmlsZSI6IjE4Nzk4MjcyMDU0IiwiTmlja05hbWUiOiIiLCJCdWZmZXJUaW1lIjo4NjQwMCwiZXhwIjoxNjE0NzY2ODY4LCJpc3MiOiJxbVBsdXMiLCJuYmYiOjE2MTQxNjEwNjh9.fPTXypqeEqbo0vuNq1hhyElMQQtNf4-Lw5D4vV0XpLo'),(100,'2021-02-25 13:47:05','2021-02-25 13:47:05',NULL,'eyJhbGciOiJIUzI1NiIsInR5cCI6IkpXVCJ9.eyJJRCI6MTIsIk1vYmlsZSI6IjE4Nzk4MjcyMDU0IiwiTmlja05hbWUiOiIiLCJCdWZmZXJUaW1lIjo4NjQwMCwiZXhwIjoxNjE0ODI3MzY0LCJpc3MiOiJxbVBsdXMiLCJuYmYiOjE2MTQyMjE1NjR9.6vdPgwyMGg7F3DSxxazpozXA5SFD0uOSq36WwUMgeR0'),(101,'2021-02-25 13:52:12','2021-02-25 13:52:12',NULL,'eyJhbGciOiJIUzI1NiIsInR5cCI6IkpXVCJ9.eyJJRCI6MTMsIk1vYmlsZSI6IjE4Nzk4MjcyMDU1IiwiTmlja05hbWUiOiIiLCJCdWZmZXJUaW1lIjo4NjQwMCwiZXhwIjoxNjE0ODM2ODQxLCJpc3MiOiJxbVBsdXMiLCJuYmYiOjE2MTQyMzEwNDF9.JTILsdU9TPWzgr6-X-E5YsPTy3Z_GtMlfyj3_g2BTkM'),(102,'2021-02-25 18:20:12','2021-02-25 18:20:12',NULL,'eyJhbGciOiJIUzI1NiIsInR5cCI6IkpXVCJ9.eyJJRCI6MTMsIk1vYmlsZSI6IjE4Nzk4MjcyMDU1IiwiTmlja05hbWUiOiIiLCJCdWZmZXJUaW1lIjo4NjQwMCwiZXhwIjoxNjE0ODQ5NDg5LCJpc3MiOiJxbVBsdXMiLCJuYmYiOjE2MTQyNDM2ODl9.am2_rtHqRT6FwZQzf7F0FNMGQitW2NxSWu9t3DmqzBI'),(103,'2021-02-25 19:45:56','2021-02-25 19:45:56',NULL,'eyJhbGciOiJIUzI1NiIsInR5cCI6IkpXVCJ9.eyJJRCI6MTIsIk1vYmlsZSI6IjE4Nzk4MjcyMDU0IiwiTmlja05hbWUiOiIiLCJCdWZmZXJUaW1lIjo4NjQwMCwiZXhwIjoxNjE0ODM3MTQ1LCJpc3MiOiJxbVBsdXMiLCJuYmYiOjE2MTQyMzEzNDV9.L1ATlCmE5ohkzw0qUONLOov2PTqAL3ecr-o9yrQbYsA'),(104,'2021-02-26 14:41:19','2021-02-26 14:41:19',NULL,'eyJhbGciOiJIUzI1NiIsInR5cCI6IkpXVCJ9.eyJJRCI6MTIsIk1vYmlsZSI6IjE4Nzk4MjcyMDU0IiwiTmlja25hbWUiOiJ0ZXN0YWRtaW4iLCJCdWZmZXJUaW1lIjo4NjQwMCwiZXhwIjoxNjE0ODU5OTYxLCJpc3MiOiJxbVBsdXMiLCJuYmYiOjE2MTQyNTQxNjF9.LcJx_W85U2tWedBdymHLUjtQ3lNl7zZqV7xD09_e8l0'),(105,'2021-02-26 16:36:46','2021-02-26 16:36:46',NULL,'eyJhbGciOiJIUzI1NiIsInR5cCI6IkpXVCJ9.eyJJRCI6MTIsIk1vYmlsZSI6IjE4Nzk4MjcyMDU0IiwiTmlja25hbWUiOiJ0ZXN0YWRtaW4iLCJCdWZmZXJUaW1lIjo4NjQwMCwiZXhwIjoxNjE0ODU5OTYxLCJpc3MiOiJxbVBsdXMiLCJuYmYiOjE2MTQyNTQxNjF9.LcJx_W85U2tWedBdymHLUjtQ3lNl7zZqV7xD09_e8l0'),(106,'2021-02-26 16:36:59','2021-02-26 16:36:59',NULL,'eyJhbGciOiJIUzI1NiIsInR5cCI6IkpXVCJ9.eyJJRCI6MTIsIk1vYmlsZSI6IjE4Nzk4MjcyMDU0IiwiTmlja25hbWUiOiJ0ZXN0YWRtaW4iLCJCdWZmZXJUaW1lIjo4NjQwMCwiZXhwIjoxNjE0OTI2NDc5LCJpc3MiOiJxbVBsdXMiLCJuYmYiOjE2MTQzMjA2Nzl9.7cxHWEwVqT2jxCyXv3wQXZrVhLgSr8_rKNUTmP2T2j8'),(107,'2021-02-27 18:32:00','2021-02-27 18:32:00',NULL,'eyJhbGciOiJIUzI1NiIsInR5cCI6IkpXVCJ9.eyJJRCI6MTIsIk1vYmlsZSI6IjE4Nzk4MjcyMDU0IiwiTmlja25hbWUiOiJ0ZXN0YWRtaW4iLCJCdWZmZXJUaW1lIjo4NjQwMCwiZXhwIjoxNjE0OTMzNDE5LCJpc3MiOiJxbVBsdXMiLCJuYmYiOjE2MTQzMjc2MTl9.6SJNkwNJJnARVP2FbZLOREv7DVeBp6VTbdFRTaVv5Tg'),(108,'2021-02-27 18:33:24','2021-02-27 18:33:24',NULL,'eyJhbGciOiJIUzI1NiIsInR5cCI6IkpXVCJ9.eyJJRCI6MTIsIk1vYmlsZSI6IjE4Nzk4MjcyMDU0IiwiTmlja25hbWUiOiJ0ZXN0YWRtaW4iLCJCdWZmZXJUaW1lIjo4NjQwMCwiZXhwIjoxNjE0OTMzNDE5LCJpc3MiOiJxbVBsdXMiLCJuYmYiOjE2MTQzMjc2MTl9.6SJNkwNJJnARVP2FbZLOREv7DVeBp6VTbdFRTaVv5Tg'),(109,'2021-03-05 18:34:09','2021-03-05 18:34:09',NULL,'eyJhbGciOiJIUzI1NiIsInR5cCI6IkpXVCJ9.eyJJRCI6MTIsIk1vYmlsZSI6IjE4Nzk4MjcyMDU0IiwiTmlja25hbWUiOiJ0ZXN0YWRtaW4iLCJCdWZmZXJUaW1lIjo4NjQwMCwiZXhwIjoxNjE1MDI2ODAzLCJpc3MiOiJxbVBsdXMiLCJuYmYiOjE2MTQ0MjEwMDN9.06Z57_2EfAafWTKPZV8yAvlUywUirivRmaacM9wWyYA'),(110,'2021-03-05 18:34:23','2021-03-05 18:34:23',NULL,'eyJhbGciOiJIUzI1NiIsInR5cCI6IkpXVCJ9.eyJJRCI6MTIsIk1vYmlsZSI6IjE4Nzk4MjcyMDU0IiwiTmlja25hbWUiOiJ0ZXN0YWRtaW4iLCJCdWZmZXJUaW1lIjo4NjQwMCwiZXhwIjoxNjE1MDI2ODAzLCJpc3MiOiJxbVBsdXMiLCJuYmYiOjE2MTQ0MjEwMDN9.06Z57_2EfAafWTKPZV8yAvlUywUirivRmaacM9wWyYA'),(111,'2021-03-05 18:34:35','2021-03-05 18:34:35',NULL,'eyJhbGciOiJIUzI1NiIsInR5cCI6IkpXVCJ9.eyJJRCI6MTIsIk1vYmlsZSI6IjE4Nzk4MjcyMDU0IiwiTmlja25hbWUiOiJ0ZXN0YWRtaW4iLCJCdWZmZXJUaW1lIjo4NjQwMCwiZXhwIjoxNjE1NTQ1MjQ5LCJpc3MiOiJxbVBsdXMiLCJuYmYiOjE2MTQ0MjEwMDN9.dQvo2kou3QrR58Fj7Tyh72T5djybRmS0BE3fc6H7Pe0'),(112,'2021-03-10 19:18:11','2021-03-10 19:18:11',NULL,'eyJhbGciOiJIUzI1NiIsInR5cCI6IkpXVCJ9.eyJJRCI6MTIsIk1vYmlsZSI6IjE4Nzk4MjcyMDU0IiwiTmlja25hbWUiOiJ0ZXN0YWRtaW4xIiwiQnVmZmVyVGltZSI6ODY0MDAsImV4cCI6MTYxNTk2ODY0OSwiaXNzIjoicW1QbHVzIiwibmJmIjoxNjE1MzYyODQ5fQ.aCdfXDgo2JlcqTu6r1t_WnMu5jksV8ZM_iQy0sCopIQ'),(113,'2021-03-10 19:18:20','2021-03-10 19:18:20',NULL,'eyJhbGciOiJIUzI1NiIsInR5cCI6IkpXVCJ9.eyJJRCI6MTIsIk1vYmlsZSI6IjE4Nzk4MjcyMDU0IiwiTmlja25hbWUiOiJ0ZXN0YWRtaW4xIiwiQnVmZmVyVGltZSI6ODY0MDAsImV4cCI6MTYxNTU0NTI3NCwiaXNzIjoicW1QbHVzIiwibmJmIjoxNjE0OTM5NDc0fQ.AkoMY3w_vWON_CnCEu5PFpq9dK7XryvuonDyzJqcsMk'),(114,'2021-03-10 20:01:40','2021-03-10 20:01:40',NULL,'eyJhbGciOiJIUzI1NiIsInR5cCI6IkpXVCJ9.eyJJRCI6MTIsIk1vYmlsZSI6IjE4Nzk4MjcyMDU0IiwiTmlja25hbWUiOiJ0ZXN0YWRtaW4xIiwiQnVmZmVyVGltZSI6ODY0MDAsImV4cCI6MTYxNTk3OTkwMCwiaXNzIjoicW1QbHVzIiwibmJmIjoxNjE1Mzc0MTAwfQ.agNiDzRz3Mxnz7aAWSLx7yoVj5VNMR-GaruW_CD1lcE'),(115,'2021-03-10 20:04:25','2021-03-10 20:04:25',NULL,'eyJhbGciOiJIUzI1NiIsInR5cCI6IkpXVCJ9.eyJJRCI6MTIsIk1vYmlsZSI6IjE4Nzk4MjcyMDU0IiwiTmlja25hbWUiOiJ0ZXN0YWRtaW4xIiwiQnVmZmVyVGltZSI6ODY0MDAsImV4cCI6MTYxNTk3OTkwMCwiaXNzIjoicW1QbHVzIiwibmJmIjoxNjE1Mzc0MTAwfQ.agNiDzRz3Mxnz7aAWSLx7yoVj5VNMR-GaruW_CD1lcE'),(116,'2021-03-10 20:54:48','2021-03-10 20:54:48',NULL,'eyJhbGciOiJIUzI1NiIsInR5cCI6IkpXVCJ9.eyJJRCI6MTIsIk1vYmlsZSI6IjE4Nzk4MjcyMDU0IiwiTmlja25hbWUiOiJ0ZXN0YWRtaW4xIiwiQnVmZmVyVGltZSI6ODY0MDAsImV4cCI6MTYxNTk4MjY2NCwiaXNzIjoicW1QbHVzIiwibmJmIjoxNjE1Mzc2ODY0fQ.IdClYRNK9TlkZqAelkXbKCrrMiIf9ziRnL76GflXSG8'),(117,'2021-03-12 18:33:18','2021-03-12 18:33:18',NULL,'eyJhbGciOiJIUzI1NiIsInR5cCI6IkpXVCJ9.eyJJRCI6MTIsIk1vYmlsZSI6IjE4Nzk4MjcyMDU0IiwiTmlja25hbWUiOiJ0ZXN0YWRtaW4xIiwiQnVmZmVyVGltZSI6ODY0MDAsImV4cCI6MTYxNTk4NTY4OCwiaXNzIjoicW1QbHVzIiwibmJmIjoxNjE1Mzc5ODg4fQ.jkYrRrfw4Rk9d5i1NKTEMUFJXmn8ubKtySHIWsYy61Q'),(118,'2021-03-12 18:33:31','2021-03-12 18:33:31',NULL,'eyJhbGciOiJIUzI1NiIsInR5cCI6IkpXVCJ9.eyJJRCI6MTIsIk1vYmlsZSI6IjE4Nzk4MjcyMDU0IiwiTmlja25hbWUiOiJ0ZXN0YWRtaW4xIiwiQnVmZmVyVGltZSI6ODY0MDAsImV4cCI6MTYxNTk4NTY4OCwiaXNzIjoicW1QbHVzIiwibmJmIjoxNjE1Mzc5ODg4fQ.jkYrRrfw4Rk9d5i1NKTEMUFJXmn8ubKtySHIWsYy61Q'),(119,'2021-03-15 20:43:03','2021-03-15 20:43:03',NULL,'eyJhbGciOiJIUzI1NiIsInR5cCI6IkpXVCJ9.eyJJRCI6MTMsIk1vYmlsZSI6IjE4Nzk4MjcyMDU1IiwiTmlja25hbWUiOiLlsI_nh5XlrZAiLCJCdWZmZXJUaW1lIjo4NjQwMCwiZXhwIjoxNjE2MTQ5ODcwLCJpc3MiOiJxbVBsdXMiLCJuYmYiOjE2MTU1NDQwNzB9.gMR2LZBWNgDimUrfUJhQNVNp2VSJbNaBCueeZHsBB6k'),(120,'2021-03-15 20:55:09','2021-03-15 20:55:09',NULL,'eyJhbGciOiJIUzI1NiIsInR5cCI6IkpXVCJ9.eyJJRCI6MTMsIk1vYmlsZSI6IjE4Nzk4MjcyMDU1IiwiTmlja25hbWUiOiLlsI_nh5XlrZAiLCJCdWZmZXJUaW1lIjo4NjQwMCwiZXhwIjoxNjE2NDE2OTgyLCJpc3MiOiJxbVBsdXMiLCJuYmYiOjE2MTU4MTExODJ9.qQ6fq6P7kYcqsYX4Ks6-U4Mwqd37OS5wmHSQ5q5Smz8'),(121,'2021-03-15 20:55:21','2021-03-15 20:55:21',NULL,'eyJhbGciOiJIUzI1NiIsInR5cCI6IkpXVCJ9.eyJJRCI6MTMsIk1vYmlsZSI6IjE4Nzk4MjcyMDU1IiwiTmlja25hbWUiOiLlsI_nh5XlrZAiLCJCdWZmZXJUaW1lIjo4NjQwMCwiZXhwIjoxNjE2NDE2OTgyLCJpc3MiOiJxbVBsdXMiLCJuYmYiOjE2MTU4MTExODJ9.qQ6fq6P7kYcqsYX4Ks6-U4Mwqd37OS5wmHSQ5q5Smz8'),(122,'2021-03-16 11:44:26','2021-03-16 11:44:26',NULL,'eyJhbGciOiJIUzI1NiIsInR5cCI6IkpXVCJ9.eyJJRCI6MTMsIk1vYmlsZSI6IjE4Nzk4MjcyMDU1IiwiTmlja25hbWUiOiLlsI_nh5XlrZAiLCJCdWZmZXJUaW1lIjo4NjQwMCwiZXhwIjoxNjE2NDE3NzIwLCJpc3MiOiJxbVBsdXMiLCJuYmYiOjE2MTU4MTE5MjB9.qf_VENrdWaVIlb3Qv15rRfcQ2Yo64a2vhYgNXw_OV4k'),(123,'2021-03-16 15:57:54','2021-03-16 15:57:54',NULL,'eyJhbGciOiJIUzI1NiIsInR5cCI6IkpXVCJ9.eyJJRCI6MTMsIk1vYmlsZSI6IjE4Nzk4MjcyMDU1IiwiTmlja25hbWUiOiLlsI_nh5XlrZAiLCJCdWZmZXJUaW1lIjo4NjQwMCwiZXhwIjoxNjE2NDE3NzIwLCJpc3MiOiJxbVBsdXMiLCJuYmYiOjE2MTU4MTE5MjB9.qf_VENrdWaVIlb3Qv15rRfcQ2Yo64a2vhYgNXw_OV4k'),(124,'2021-03-16 15:58:05','2021-03-16 15:58:05',NULL,'eyJhbGciOiJIUzI1NiIsInR5cCI6IkpXVCJ9.eyJJRCI6MTMsIk1vYmlsZSI6IjE4Nzk4MjcyMDU1IiwiTmlja25hbWUiOiLlsI_nh5XlrZAiLCJCdWZmZXJUaW1lIjo4NjQwMCwiZXhwIjoxNjE2NDcxMDY1LCJpc3MiOiJxbVBsdXMiLCJuYmYiOjE2MTU4NjUyNjV9.nEE6jLFOxm1IpSxGxes99FYfBkBlhnbK98cfn2GAq40'),(125,'2021-03-16 16:17:11','2021-03-16 16:17:11',NULL,'eyJhbGciOiJIUzI1NiIsInR5cCI6IkpXVCJ9.eyJJRCI6MTMsIk1vYmlsZSI6IjE4Nzk4MjcyMDU1IiwiTmlja25hbWUiOiLlsI_nh5XlrZAiLCJCdWZmZXJUaW1lIjo4NjQwMCwiZXhwIjoxNjE2NDg2Mjg0LCJpc3MiOiJxbVBsdXMiLCJuYmYiOjE2MTU4ODA0ODR9.2L1MpOA69EUPPzF6IEYmWb14rIlHeeHrqdvuBExEVUs'),(126,'2021-03-16 16:17:28','2021-03-16 16:17:28',NULL,'eyJhbGciOiJIUzI1NiIsInR5cCI6IkpXVCJ9.eyJJRCI6MTMsIk1vYmlsZSI6IjE4Nzk4MjcyMDU1IiwiTmlja25hbWUiOiLlsI_nh5XlrZAiLCJCdWZmZXJUaW1lIjo4NjQwMCwiZXhwIjoxNjE2NDg2Mjg0LCJpc3MiOiJxbVBsdXMiLCJuYmYiOjE2MTU4ODA0ODR9.2L1MpOA69EUPPzF6IEYmWb14rIlHeeHrqdvuBExEVUs'),(127,'2021-03-16 16:18:22','2021-03-16 16:18:22',NULL,'eyJhbGciOiJIUzI1NiIsInR5cCI6IkpXVCJ9.eyJJRCI6MTMsIk1vYmlsZSI6IjE4Nzk4MjcyMDU1IiwiTmlja25hbWUiOiLlsI_nh5XlrZAiLCJCdWZmZXJUaW1lIjo4NjQwMCwiZXhwIjoxNjE2NDg3NDQ3LCJpc3MiOiJxbVBsdXMiLCJuYmYiOjE2MTU4ODE2NDd9.Fvvc7IahlsH3J8oDoqv-HaC7kP3VI6Lg9wKtUXy9Bvk'),(128,'2021-04-07 14:47:47','2021-04-07 14:47:47',NULL,'eyJhbGciOiJIUzI1NiIsInR5cCI6IkpXVCJ9.eyJJRCI6MTIsIk1vYmlsZSI6IjE4Nzk4MjcyMDU0IiwiTmlja25hbWUiOiJ0ZXN0YWRtaW4xIiwiQnVmZmVyVGltZSI6ODY0MDAsImV4cCI6MTYxNjE1MDAxMSwiaXNzIjoicW1QbHVzIiwibmJmIjoxNjE1NTQ0MjExfQ.WylvJathl-W3eunjHSZoN3-dpB-WQgUNK55BeXeDvgo'),(129,'2021-04-07 15:31:40','2021-04-07 15:31:40',NULL,'eyJhbGciOiJIUzI1NiIsInR5cCI6IkpXVCJ9.eyJJRCI6MTIsIk1vYmlsZSI6IjE4Nzk4MjcyMDU0IiwiTmlja25hbWUiOiJ0ZXN0YWRtaW4xIiwiQnVmZmVyVGltZSI6ODY0MDAsImV4cCI6MTYxODM4Mjg4NywiaXNzIjoicW1QbHVzIiwibmJmIjoxNjE3Nzc3MDg3fQ.0J9jDUBRQxP7xYoGa8tWctZ891ARXtA4YoVmquKdcc0'),(130,'2021-04-07 15:31:53','2021-04-07 15:31:53',NULL,'eyJhbGciOiJIUzI1NiIsInR5cCI6IkpXVCJ9.eyJJRCI6MTIsIk1vYmlsZSI6IjE4Nzk4MjcyMDU0IiwiTmlja25hbWUiOiJ0ZXN0YWRtaW4xIiwiQnVmZmVyVGltZSI6ODY0MDAsImV4cCI6MTYxODM4Mjg4NywiaXNzIjoicW1QbHVzIiwibmJmIjoxNjE3Nzc3MDg3fQ.0J9jDUBRQxP7xYoGa8tWctZ891ARXtA4YoVmquKdcc0'),(131,'2021-04-07 15:32:07','2021-04-07 15:32:07',NULL,'eyJhbGciOiJIUzI1NiIsInR5cCI6IkpXVCJ9.eyJJRCI6MTMsIk1vYmlsZSI6IjE4Nzk4MjcyMDU1IiwiTmlja25hbWUiOiLlsI_nh5XlrZAiLCJCdWZmZXJUaW1lIjo4NjQwMCwiZXhwIjoxNjE4MzgyOTE4LCJpc3MiOiJxbVBsdXMiLCJuYmYiOjE2MTc3NzcxMTh9._FSQr-vOi5G9-M5h1ZKA8J9Ld-hvy0azkM5egL8k0nw'),(132,'2021-04-07 15:32:20','2021-04-07 15:32:20',NULL,'eyJhbGciOiJIUzI1NiIsInR5cCI6IkpXVCJ9.eyJJRCI6MTMsIk1vYmlsZSI6IjE4Nzk4MjcyMDU1IiwiTmlja25hbWUiOiLlsI_nh5XlrZAiLCJCdWZmZXJUaW1lIjo4NjQwMCwiZXhwIjoxNjE4MzgyOTE4LCJpc3MiOiJxbVBsdXMiLCJuYmYiOjE2MTc3NzcxMTh9._FSQr-vOi5G9-M5h1ZKA8J9Ld-hvy0azkM5egL8k0nw'),(133,'2021-04-08 10:56:07','2021-04-08 10:56:07',NULL,'eyJhbGciOiJIUzI1NiIsInR5cCI6IkpXVCJ9.eyJJRCI6MTMsIk1vYmlsZSI6IjE4Nzk4MjcyMDU1IiwiTmlja25hbWUiOiLlsI_nh5XlrZAiLCJCdWZmZXJUaW1lIjo4NjQwMCwiZXhwIjoxNjE4Mzg1NTM5LCJpc3MiOiJxbVBsdXMiLCJuYmYiOjE2MTc3Nzk3Mzl9.xItGmId4JsLPpLgQ8jEaqHHMLVFtEbQGPcGIQZl_GWk'),(134,'2021-04-08 13:39:10','2021-04-08 13:39:10',NULL,'eyJhbGciOiJIUzI1NiIsInR5cCI6IkpXVCJ9.eyJJRCI6MTMsIk1vYmlsZSI6IjE4Nzk4MjcyMDU1IiwiTmlja25hbWUiOiLlsI_nh5XlrZAiLCJCdWZmZXJUaW1lIjo4NjQwMCwiZXhwIjoxNjE4NDU1MzY3LCJpc3MiOiJxbVBsdXMiLCJuYmYiOjE2MTc4NDk1Njd9.ArZ3aaLS2nWtT7rGhnUB18vnzeIewMFXv6ARK2wn5Bs'),(135,'2021-04-08 14:07:55','2021-04-08 14:07:55',NULL,'eyJhbGciOiJIUzI1NiIsInR5cCI6IkpXVCJ9.eyJJRCI6MTMsIk1vYmlsZSI6IjE4Nzk4MjcyMDU1IiwiTmlja25hbWUiOiLlsI_nh5XlrZAiLCJCdWZmZXJUaW1lIjo4NjQwMCwiZXhwIjoxNjE4NDU1MzY3LCJpc3MiOiJxbVBsdXMiLCJuYmYiOjE2MTc4NDk1Njd9.ArZ3aaLS2nWtT7rGhnUB18vnzeIewMFXv6ARK2wn5Bs'),(136,'2021-04-08 14:35:56','2021-04-08 14:35:56',NULL,'eyJhbGciOiJIUzI1NiIsInR5cCI6IkpXVCJ9.eyJJRCI6MTIsIk1vYmlsZSI6IjE4Nzk4MjcyMDU0IiwiTmlja25hbWUiOiJ0ZXN0YWRtaW4xIiwiQnVmZmVyVGltZSI6ODY0MDAsImV4cCI6MTYxODM4NTUxMiwiaXNzIjoicW1QbHVzIiwibmJmIjoxNjE3Nzc5NzEyfQ.0KXmh76HJW4VT1MXnIwTvygAiv6ZYy0ViAYij5AuZfU'),(137,'2021-04-08 15:21:10','2021-04-08 15:21:10',NULL,'eyJhbGciOiJIUzI1NiIsInR5cCI6IkpXVCJ9.eyJJRCI6MTMsIk1vYmlsZSI6IjE4Nzk4MjcyMDU1IiwiTmlja25hbWUiOiLlsI_nh5XlrZAiLCJCdWZmZXJUaW1lIjo4NjQwMCwiZXhwIjoxNjE4NDY2ODc1LCJpc3MiOiJxbVBsdXMiLCJuYmYiOjE2MTc4NjEwNzV9.ZZLIyPv21OMdmTRire_8sSwR61CJDCrWjBzf5e10xOA'),(138,'2021-04-08 18:48:43','2021-04-08 18:48:43',NULL,'eyJhbGciOiJIUzI1NiIsInR5cCI6IkpXVCJ9.eyJJRCI6OTMxMywiTW9iaWxlIjoiMTExMTExMTExMTEiLCJOaWNrbmFtZSI6IuWkp-e6ouWMhSIsIkJ1ZmZlclRpbWUiOjg2NDAwLCJleHAiOjE2MTg0NzA4NjcsImlzcyI6InFtUGx1cyIsIm5iZiI6MTYxNzg2NTA2N30.su-iGGSGLgUDLZgBENSPeWK636OSw-TorJZVB7Zgl2k'),(139,'2021-04-08 18:50:09','2021-04-08 18:50:09',NULL,'eyJhbGciOiJIUzI1NiIsInR5cCI6IkpXVCJ9.eyJJRCI6MTIsIk1vYmlsZSI6IjE4Nzk4MjcyMDU0IiwiTmlja25hbWUiOiJ0ZXN0YWRtaW4xIiwiQnVmZmVyVGltZSI6ODY0MDAsImV4cCI6MTYxODM4NTUxMiwiaXNzIjoicW1QbHVzIiwibmJmIjoxNjE3Nzc5NzEyfQ.0KXmh76HJW4VT1MXnIwTvygAiv6ZYy0ViAYij5AuZfU'),(140,'2021-04-08 18:50:34','2021-04-08 18:50:34',NULL,'eyJhbGciOiJIUzI1NiIsInR5cCI6IkpXVCJ9.eyJJRCI6MTUzNCwiTW9iaWxlIjoiMTg3OTgyNzIwNTQiLCJOaWNrbmFtZSI6IuWwj-aYjiIsIkJ1ZmZlclRpbWUiOjg2NDAwLCJleHAiOjE2MTg0ODM4MDgsImlzcyI6InFtUGx1cyIsIm5iZiI6MTYxNzg3ODAwOH0.5_Jw_cMErb7sxdMheCeGh_UzyI0t58Ei4Dd2J1jIBO0'),(141,'2021-04-08 18:51:16','2021-04-08 18:51:16',NULL,'eyJhbGciOiJIUzI1NiIsInR5cCI6IkpXVCJ9.eyJJRCI6MTUzNCwiTW9iaWxlIjoiMTg3OTgyNzIwNTQiLCJOaWNrbmFtZSI6IuWwj-aYjiIsIkJ1ZmZlclRpbWUiOjg2NDAwLCJleHAiOjE2MTg0ODM4MDgsImlzcyI6InFtUGx1cyIsIm5iZiI6MTYxNzg3ODAwOH0.5_Jw_cMErb7sxdMheCeGh_UzyI0t58Ei4Dd2J1jIBO0'),(142,'2021-04-08 19:37:27','2021-04-08 19:37:27',NULL,'eyJhbGciOiJIUzI1NiIsInR5cCI6IkpXVCJ9.eyJJRCI6MTUzNCwiTW9iaWxlIjoiMTg3OTgyNzIwNTQiLCJOaWNrbmFtZSI6IuWwj-aYjiIsIkJ1ZmZlclRpbWUiOjg2NDAwLCJleHAiOjE2MTg0ODM4NzYsImlzcyI6InFtUGx1cyIsIm5iZiI6MTYxNzg3ODA3Nn0.Gmjj8XMvm7wztBxcxdA98bYfIyqv2Dlu9z_oiNHn2QM'),(143,'2021-04-08 19:37:38','2021-04-08 19:37:38',NULL,'eyJhbGciOiJIUzI1NiIsInR5cCI6IkpXVCJ9.eyJJRCI6MTMsIk1vYmlsZSI6IjE4Nzk4MjcyMDU1IiwiTmlja25hbWUiOiLlsI_nh5XlrZAiLCJCdWZmZXJUaW1lIjo4NjQwMCwiZXhwIjoxNjE4NDY2ODc1LCJpc3MiOiJxbVBsdXMiLCJuYmYiOjE2MTc4NjEwNzV9.ZZLIyPv21OMdmTRire_8sSwR61CJDCrWjBzf5e10xOA'),(144,'2021-04-08 20:09:50','2021-04-08 20:09:50',NULL,'eyJhbGciOiJIUzI1NiIsInR5cCI6IkpXVCJ9.eyJJRCI6NDgwMywiTW9iaWxlIjoiMTg3OTgyNzIwNTUiLCJOaWNrbmFtZSI6IuWwj-e6oiIsIkJ1ZmZlclRpbWUiOjg2NDAwLCJleHAiOjE2MTg0ODY2NTgsImlzcyI6InFtUGx1cyIsIm5iZiI6MTYxNzg4MDg1OH0.M5jpm-ysYxqbJUncKDcwA6cnyi8aQr-nvZ5yNrIdAtE'),(145,'2021-04-08 20:10:10','2021-04-08 20:10:10',NULL,'eyJhbGciOiJIUzI1NiIsInR5cCI6IkpXVCJ9.eyJJRCI6OTMxMywiTW9iaWxlIjoiMTExMTExMTExMTEiLCJOaWNrbmFtZSI6IuWkp-e6ouWMhSIsIkJ1ZmZlclRpbWUiOjg2NDAwLCJleHAiOjE2MTg0NzA4NjcsImlzcyI6InFtUGx1cyIsIm5iZiI6MTYxNzg2NTA2N30.su-iGGSGLgUDLZgBENSPeWK636OSw-TorJZVB7Zgl2k'),(146,'2021-04-08 20:10:56','2021-04-08 20:10:56',NULL,'eyJhbGciOiJIUzI1NiIsInR5cCI6IkpXVCJ9.eyJJRCI6MjA1MywiTW9iaWxlIjoiMTExMTExMTExMTEiLCJOaWNrbmFtZSI6IuWwj-eOiyIsIkJ1ZmZlclRpbWUiOjg2NDAwLCJleHAiOjE2MTg0ODg2MTAsImlzcyI6InFtUGx1cyIsIm5iZiI6MTYxNzg4MjgxMH0.0F2HnIeTZSuC5UlBMEkFe5o7_wJmqITjSN8ra-ZknV8'),(147,'2021-04-08 20:11:07','2021-04-08 20:11:07',NULL,'eyJhbGciOiJIUzI1NiIsInR5cCI6IkpXVCJ9.eyJJRCI6NDgwMywiTW9iaWxlIjoiMTg3OTgyNzIwNTUiLCJOaWNrbmFtZSI6IuWwj-e6oiIsIkJ1ZmZlclRpbWUiOjg2NDAwLCJleHAiOjE2MTg0ODY2NTgsImlzcyI6InFtUGx1cyIsIm5iZiI6MTYxNzg4MDg1OH0.M5jpm-ysYxqbJUncKDcwA6cnyi8aQr-nvZ5yNrIdAtE'),(148,'2021-04-08 20:52:15','2021-04-08 20:52:15',NULL,'eyJhbGciOiJIUzI1NiIsInR5cCI6IkpXVCJ9.eyJJRCI6NDgwMywiTW9iaWxlIjoiMTg3OTgyNzIwNTUiLCJOaWNrbmFtZSI6IuWwj-e6oiIsIkJ1ZmZlclRpbWUiOjg2NDAwLCJleHAiOjE2MTg0ODg2NjYsImlzcyI6InFtUGx1cyIsIm5iZiI6MTYxNzg4Mjg2Nn0.ZYlWipgVcVpWgDj-FEw_AVi1ITrbzHtyTQgLnorEmJE'),(149,'2021-04-08 20:52:38','2021-04-08 20:52:38',NULL,'eyJhbGciOiJIUzI1NiIsInR5cCI6IkpXVCJ9.eyJJRCI6MjA1MywiTW9iaWxlIjoiMTExMTExMTExMTEiLCJOaWNrbmFtZSI6IuWwj-eOiyIsIkJ1ZmZlclRpbWUiOjg2NDAwLCJleHAiOjE2MTg0ODg2MTAsImlzcyI6InFtUGx1cyIsIm5iZiI6MTYxNzg4MjgxMH0.0F2HnIeTZSuC5UlBMEkFe5o7_wJmqITjSN8ra-ZknV8'),(150,'2021-04-08 20:52:52','2021-04-08 20:52:52',NULL,'eyJhbGciOiJIUzI1NiIsInR5cCI6IkpXVCJ9.eyJJRCI6MjA1MywiTW9iaWxlIjoiMTExMTExMTExMTEiLCJOaWNrbmFtZSI6IuWwj-eOiyIsIkJ1ZmZlclRpbWUiOjg2NDAwLCJleHAiOjE2MTg0OTExNTcsImlzcyI6InFtUGx1cyIsIm5iZiI6MTYxNzg4NTM1N30.DNusSY1AX01cIVwAdjXz6inZKV61GL8gr_v1EBOIAS4'),(151,'2021-04-08 20:53:06','2021-04-08 20:53:06',NULL,'eyJhbGciOiJIUzI1NiIsInR5cCI6IkpXVCJ9.eyJJRCI6NDgwMywiTW9iaWxlIjoiMTg3OTgyNzIwNTUiLCJOaWNrbmFtZSI6IuWwj-e6oiIsIkJ1ZmZlclRpbWUiOjg2NDAwLCJleHAiOjE2MTg0ODg2NjYsImlzcyI6InFtUGx1cyIsIm5iZiI6MTYxNzg4Mjg2Nn0.ZYlWipgVcVpWgDj-FEw_AVi1ITrbzHtyTQgLnorEmJE'),(152,'2021-04-08 20:53:23','2021-04-08 20:53:23',NULL,'eyJhbGciOiJIUzI1NiIsInR5cCI6IkpXVCJ9.eyJJRCI6NDgwMywiTW9iaWxlIjoiMTg3OTgyNzIwNTUiLCJOaWNrbmFtZSI6IuWwj-e6oiIsIkJ1ZmZlclRpbWUiOjg2NDAwLCJleHAiOjE2MTg0OTExODYsImlzcyI6InFtUGx1cyIsIm5iZiI6MTYxNzg4NTM4Nn0.MgrBj34egL3wZMTB7Oo25d6evN6hSyZ85fTAfzT0pT4'),(153,'2021-04-08 20:54:26','2021-04-08 20:54:26',NULL,'eyJhbGciOiJIUzI1NiIsInR5cCI6IkpXVCJ9.eyJJRCI6MjA1MywiTW9iaWxlIjoiMTExMTExMTExMTEiLCJOaWNrbmFtZSI6IuWwj-eOiyIsIkJ1ZmZlclRpbWUiOjg2NDAwLCJleHAiOjE2MTg0OTExNTcsImlzcyI6InFtUGx1cyIsIm5iZiI6MTYxNzg4NTM1N30.DNusSY1AX01cIVwAdjXz6inZKV61GL8gr_v1EBOIAS4'),(154,'2021-04-08 20:57:12','2021-04-08 20:57:12',NULL,'eyJhbGciOiJIUzI1NiIsInR5cCI6IkpXVCJ9.eyJJRCI6MjA1MywiTW9iaWxlIjoiMTExMTExMTExMTEiLCJOaWNrbmFtZSI6IuWwj-eOiyIsIkJ1ZmZlclRpbWUiOjg2NDAwLCJleHAiOjE2MTg0OTEyNjYsImlzcyI6InFtUGx1cyIsIm5iZiI6MTYxNzg4NTQ2Nn0.m4vhig2xwdiGCCayWSpq1bo0UmYtL6Ka5GDz-pyhxVc'),(155,'2021-04-08 20:57:26','2021-04-08 20:57:26',NULL,'eyJhbGciOiJIUzI1NiIsInR5cCI6IkpXVCJ9.eyJJRCI6NDgwMywiTW9iaWxlIjoiMTg3OTgyNzIwNTUiLCJOaWNrbmFtZSI6IuWwj-e6oiIsIkJ1ZmZlclRpbWUiOjg2NDAwLCJleHAiOjE2MTg0OTExODYsImlzcyI6InFtUGx1cyIsIm5iZiI6MTYxNzg4NTM4Nn0.MgrBj34egL3wZMTB7Oo25d6evN6hSyZ85fTAfzT0pT4'),(156,'2021-04-08 20:57:56','2021-04-08 20:57:56',NULL,'eyJhbGciOiJIUzI1NiIsInR5cCI6IkpXVCJ9.eyJJRCI6MjA1MywiTW9iaWxlIjoiMTExMTExMTExMTEiLCJOaWNrbmFtZSI6IuWwj-eOiyIsIkJ1ZmZlclRpbWUiOjg2NDAwLCJleHAiOjE2MTg0OTEyNjYsImlzcyI6InFtUGx1cyIsIm5iZiI6MTYxNzg4NTQ2Nn0.m4vhig2xwdiGCCayWSpq1bo0UmYtL6Ka5GDz-pyhxVc'),(157,'2021-04-08 20:58:26','2021-04-08 20:58:26',NULL,'eyJhbGciOiJIUzI1NiIsInR5cCI6IkpXVCJ9.eyJJRCI6NDgwMywiTW9iaWxlIjoiMTg3OTgyNzIwNTUiLCJOaWNrbmFtZSI6IuWwj-e6oiIsIkJ1ZmZlclRpbWUiOjg2NDAwLCJleHAiOjE2MTg0OTE0NDYsImlzcyI6InFtUGx1cyIsIm5iZiI6MTYxNzg4NTY0Nn0.xJm-Z5hRaD6AB1LUry5XCbES9X7W7Kodbs1RcD-kPvs'),(158,'2021-04-09 11:29:25','2021-04-09 11:29:25',NULL,'eyJhbGciOiJIUzI1NiIsInR5cCI6IkpXVCJ9.eyJJRCI6MTUzNCwiTW9iaWxlIjoiMTg3OTgyNzIwNTQiLCJOaWNrbmFtZSI6IuWwj-aYjiIsIkJ1ZmZlclRpbWUiOjg2NDAwLCJleHAiOjE2MTg0ODM4NzYsImlzcyI6InFtUGx1cyIsIm5iZiI6MTYxNzg3ODA3Nn0.Gmjj8XMvm7wztBxcxdA98bYfIyqv2Dlu9z_oiNHn2QM'),(159,'2021-04-09 11:40:20','2021-04-09 11:40:20',NULL,'eyJhbGciOiJIUzI1NiIsInR5cCI6IkpXVCJ9.eyJJRCI6MTUzNCwiTW9iaWxlIjoiMTg3OTgyNzIwNTQiLCJOaWNrbmFtZSI6IuWwj-aYjiIsIkJ1ZmZlclRpbWUiOjg2NDAwLCJleHAiOjE2MTg1NDM3NjUsImlzcyI6InFtUGx1cyIsIm5iZiI6MTYxNzkzNzk2NX0.2mXFLlgHeeEpfdQVYBRek3S0nrCHCn_ps8b-TyDa0ok'),(160,'2021-04-09 11:40:40','2021-04-09 11:40:40',NULL,'eyJhbGciOiJIUzI1NiIsInR5cCI6IkpXVCJ9.eyJJRCI6NDgwMywiTW9iaWxlIjoiMTg3OTgyNzIwNTUiLCJOaWNrbmFtZSI6IuWwj-e6oiIsIkJ1ZmZlclRpbWUiOjg2NDAwLCJleHAiOjE2MTg0OTE0NDYsImlzcyI6InFtUGx1cyIsIm5iZiI6MTYxNzg4NTY0Nn0.xJm-Z5hRaD6AB1LUry5XCbES9X7W7Kodbs1RcD-kPvs'),(161,'2021-04-09 11:42:04','2021-04-09 11:42:04',NULL,'eyJhbGciOiJIUzI1NiIsInR5cCI6IkpXVCJ9.eyJJRCI6MjA1MywiTW9iaWxlIjoiMTExMTExMTExMTEiLCJOaWNrbmFtZSI6IuWwj-eOiyIsIkJ1ZmZlclRpbWUiOjg2NDAwLCJleHAiOjE2MTg0OTE0NzUsImlzcyI6InFtUGx1cyIsIm5iZiI6MTYxNzg4NTY3NX0.lSk0T-n6H_-EiHLSjdIDKUG07bm89JzuWOxqcjVQolk'),(162,'2021-04-09 15:08:34','2021-04-09 15:08:34',NULL,'eyJhbGciOiJIUzI1NiIsInR5cCI6IkpXVCJ9.eyJJRCI6NDgwMywiTW9iaWxlIjoiMTg3OTgyNzIwNTUiLCJOaWNrbmFtZSI6IuWwj-e6oiIsIkJ1ZmZlclRpbWUiOjg2NDAwLCJleHAiOjE2MTg1NDQ0MzksImlzcyI6InFtUGx1cyIsIm5iZiI6MTYxNzkzODYzOX0.f4z0MsoNaQujjPbSxh4FJW-_wy1wewT7Awqyagnrkoc'),(163,'2021-04-09 15:08:51','2021-04-09 15:08:51',NULL,'eyJhbGciOiJIUzI1NiIsInR5cCI6IkpXVCJ9.eyJJRCI6NDgwMywiTW9iaWxlIjoiMTg3OTgyNzIwNTUiLCJOaWNrbmFtZSI6IuWwj-e6oiIsIkJ1ZmZlclRpbWUiOjg2NDAwLCJleHAiOjE2MTg1NDQ0MzksImlzcyI6InFtUGx1cyIsIm5iZiI6MTYxNzkzODYzOX0.f4z0MsoNaQujjPbSxh4FJW-_wy1wewT7Awqyagnrkoc'),(164,'2021-04-09 15:09:34','2021-04-09 15:09:34',NULL,'eyJhbGciOiJIUzI1NiIsInR5cCI6IkpXVCJ9.eyJJRCI6MjA1MywiTW9iaWxlIjoiMTExMTExMTExMTEiLCJOaWNrbmFtZSI6IuWwj-eOiyIsIkJ1ZmZlclRpbWUiOjg2NDAwLCJleHAiOjE2MTg1NDQ1MjQsImlzcyI6InFtUGx1cyIsIm5iZiI6MTYxNzkzODcyNH0.y3EKmWV0DR8WA3Rt4l9b9RCdJWB0jwQuATiq4sLApGI'),(165,'2021-04-09 15:09:57','2021-04-09 15:09:57',NULL,'eyJhbGciOiJIUzI1NiIsInR5cCI6IkpXVCJ9.eyJJRCI6MjA1MywiTW9iaWxlIjoiMTExMTExMTExMTEiLCJOaWNrbmFtZSI6IuWwj-eOiyIsIkJ1ZmZlclRpbWUiOjg2NDAwLCJleHAiOjE2MTg1NDQ1MjQsImlzcyI6InFtUGx1cyIsIm5iZiI6MTYxNzkzODcyNH0.y3EKmWV0DR8WA3Rt4l9b9RCdJWB0jwQuATiq4sLApGI'),(166,'2021-04-09 15:10:55','2021-04-09 15:10:55',NULL,'eyJhbGciOiJIUzI1NiIsInR5cCI6IkpXVCJ9.eyJJRCI6NDgwMywiTW9iaWxlIjoiMTg3OTgyNzIwNTUiLCJOaWNrbmFtZSI6IuWwj-e6oiIsIkJ1ZmZlclRpbWUiOjg2NDAwLCJleHAiOjE2MTg1NTY5MzAsImlzcyI6InFtUGx1cyIsIm5iZiI6MTYxNzk1MTEzMH0.T29zns9DG4DrYbF552bqfM3yaRMhD6SI3znXKnFHAYg'),(167,'2021-04-09 15:10:59','2021-04-09 15:10:59',NULL,'eyJhbGciOiJIUzI1NiIsInR5cCI6IkpXVCJ9.eyJJRCI6MjA1MywiTW9iaWxlIjoiMTExMTExMTExMTEiLCJOaWNrbmFtZSI6IuWwj-eOiyIsIkJ1ZmZlclRpbWUiOjg2NDAwLCJleHAiOjE2MTg1NTY5OTcsImlzcyI6InFtUGx1cyIsIm5iZiI6MTYxNzk1MTE5N30.Fw7hrGJKTJxq3u8GVhjh7xlgy5Ta2vciF1LgybDaFM4'),(168,'2021-04-09 15:11:10','2021-04-09 15:11:10',NULL,'eyJhbGciOiJIUzI1NiIsInR5cCI6IkpXVCJ9.eyJJRCI6NDgwMywiTW9iaWxlIjoiMTg3OTgyNzIwNTUiLCJOaWNrbmFtZSI6IuWwj-e6oiIsIkJ1ZmZlclRpbWUiOjg2NDAwLCJleHAiOjE2MTg1NTY5MzAsImlzcyI6InFtUGx1cyIsIm5iZiI6MTYxNzk1MTEzMH0.T29zns9DG4DrYbF552bqfM3yaRMhD6SI3znXKnFHAYg'),(169,'2021-04-09 15:11:47','2021-04-09 15:11:47',NULL,'eyJhbGciOiJIUzI1NiIsInR5cCI6IkpXVCJ9.eyJJRCI6MjA1MywiTW9iaWxlIjoiMTExMTExMTExMTEiLCJOaWNrbmFtZSI6IuWwj-eOiyIsIkJ1ZmZlclRpbWUiOjg2NDAwLCJleHAiOjE2MTg1NTY5OTcsImlzcyI6InFtUGx1cyIsIm5iZiI6MTYxNzk1MTE5N30.Fw7hrGJKTJxq3u8GVhjh7xlgy5Ta2vciF1LgybDaFM4'),(170,'2021-04-09 15:58:37','2021-04-09 15:58:37',NULL,'eyJhbGciOiJIUzI1NiIsInR5cCI6IkpXVCJ9.eyJJRCI6MjA1MywiTW9iaWxlIjoiMTExMTExMTExMTEiLCJOaWNrbmFtZSI6IuWwj-eOiyIsIkJ1ZmZlclRpbWUiOjg2NDAwLCJleHAiOjE2MTg1NTcxMDcsImlzcyI6InFtUGx1cyIsIm5iZiI6MTYxNzk1MTMwN30.OoJ054gUoDnPp3_9aYKkVO7pyZbSSK-Z73XudLIpYD0'),(171,'2021-04-09 15:59:00','2021-04-09 15:59:00',NULL,'eyJhbGciOiJIUzI1NiIsInR5cCI6IkpXVCJ9.eyJJRCI6NDgwMywiTW9iaWxlIjoiMTg3OTgyNzIwNTUiLCJOaWNrbmFtZSI6IuWwj-e6oiIsIkJ1ZmZlclRpbWUiOjg2NDAwLCJleHAiOjE2MTg1NTcwNjksImlzcyI6InFtUGx1cyIsIm5iZiI6MTYxNzk1MTI2OX0.9ojFdfScEf0i5uv0R4D8iD1SJntA9ieEtLNua7URIyo'),(172,'2021-04-09 19:04:09','2021-04-09 19:04:09',NULL,'eyJhbGciOiJIUzI1NiIsInR5cCI6IkpXVCJ9.eyJJRCI6NDgwMywiTW9iaWxlIjoiMTg3OTgyNzIwNTUiLCJOaWNrbmFtZSI6IuWwj-e6oiIsIkJ1ZmZlclRpbWUiOjg2NDAwLCJleHAiOjE2MTg1NTk5MzksImlzcyI6InFtUGx1cyIsIm5iZiI6MTYxNzk1NDEzOX0.HsfgaBYxduQJJay0IyxnuON9DAyWmZ99UVSQSzSMFcs'),(173,'2021-04-09 19:04:21','2021-04-09 19:04:21',NULL,'eyJhbGciOiJIUzI1NiIsInR5cCI6IkpXVCJ9.eyJJRCI6NDgwMywiTW9iaWxlIjoiMTg3OTgyNzIwNTUiLCJOaWNrbmFtZSI6IuWwj-e6oiIsIkJ1ZmZlclRpbWUiOjg2NDAwLCJleHAiOjE2MTg1NTk5MzksImlzcyI6InFtUGx1cyIsIm5iZiI6MTYxNzk1NDEzOX0.HsfgaBYxduQJJay0IyxnuON9DAyWmZ99UVSQSzSMFcs'),(174,'2021-04-09 19:04:43','2021-04-09 19:04:43',NULL,'eyJhbGciOiJIUzI1NiIsInR5cCI6IkpXVCJ9.eyJJRCI6MjA1MywiTW9iaWxlIjoiMTExMTExMTExMTEiLCJOaWNrbmFtZSI6IuWwj-eOiyIsIkJ1ZmZlclRpbWUiOjg2NDAwLCJleHAiOjE2MTg1NTcxMDcsImlzcyI6InFtUGx1cyIsIm5iZiI6MTYxNzk1MTMwN30.OoJ054gUoDnPp3_9aYKkVO7pyZbSSK-Z73XudLIpYD0'),(175,'2021-04-10 11:52:34','2021-04-10 11:52:34',NULL,'eyJhbGciOiJIUzI1NiIsInR5cCI6IkpXVCJ9.eyJJRCI6MTUzNCwiTW9iaWxlIjoiMTg3OTgyNzIwNTQiLCJOaWNrbmFtZSI6IuWwj-aYjiIsIkJ1ZmZlclRpbWUiOjg2NDAwLCJleHAiOjE2MTg1NDM3NjUsImlzcyI6InFtUGx1cyIsIm5iZiI6MTYxNzkzNzk2NX0.2mXFLlgHeeEpfdQVYBRek3S0nrCHCn_ps8b-TyDa0ok'),(176,'2021-04-10 12:57:33','2021-04-10 12:57:33',NULL,'eyJhbGciOiJIUzI1NiIsInR5cCI6IkpXVCJ9.eyJJRCI6MTUzNCwiTW9iaWxlIjoiMTg3OTgyNzIwNTQiLCJOaWNrbmFtZSI6IuWwj-aYjiIsIkJ1ZmZlclRpbWUiOjg2NDAwLCJleHAiOjE2MTg2MzE1NTQsImlzcyI6InFtUGx1cyIsIm5iZiI6MTYxODAyNTc1NH0.jSSDfDzVQIRKJqaYhpR0HFVRlld9RjThnNf7-tBhUHM'),(177,'2021-04-10 12:57:40','2021-04-10 12:57:40',NULL,'eyJhbGciOiJIUzI1NiIsInR5cCI6IkpXVCJ9.eyJJRCI6MjA1MywiTW9iaWxlIjoiMTExMTExMTExMTEiLCJOaWNrbmFtZSI6IuWwj-eOiyIsIkJ1ZmZlclRpbWUiOjg2NDAwLCJleHAiOjE2MTg1NzEwODMsImlzcyI6InFtUGx1cyIsIm5iZiI6MTYxNzk2NTI4M30.t383ApK28Hnpbo9OAn84HctQZ3TGZrjVK2tKBzhfxtA'),(178,'2021-04-10 12:57:52','2021-04-10 12:57:52',NULL,'eyJhbGciOiJIUzI1NiIsInR5cCI6IkpXVCJ9.eyJJRCI6MTUzNCwiTW9iaWxlIjoiMTg3OTgyNzIwNTQiLCJOaWNrbmFtZSI6IuWwj-aYjiIsIkJ1ZmZlclRpbWUiOjg2NDAwLCJleHAiOjE2MTg2MzE1NTQsImlzcyI6InFtUGx1cyIsIm5iZiI6MTYxODAyNTc1NH0.jSSDfDzVQIRKJqaYhpR0HFVRlld9RjThnNf7-tBhUHM'),(179,'2021-04-10 13:24:29','2021-04-10 13:24:29',NULL,'eyJhbGciOiJIUzI1NiIsInR5cCI6IkpXVCJ9.eyJJRCI6MjA1MywiTW9iaWxlIjoiMTExMTExMTExMTEiLCJOaWNrbmFtZSI6IuWwj-eOiyIsIkJ1ZmZlclRpbWUiOjg2NDAwLCJleHAiOjE2MTg1NzEwODMsImlzcyI6InFtUGx1cyIsIm5iZiI6MTYxNzk2NTI4M30.t383ApK28Hnpbo9OAn84HctQZ3TGZrjVK2tKBzhfxtA'),(180,'2021-04-10 15:22:23','2021-04-10 15:22:23',NULL,'eyJhbGciOiJIUzI1NiIsInR5cCI6IkpXVCJ9.eyJJRCI6MTUzNCwiTW9iaWxlIjoiMTg3OTgyNzIwNTQiLCJOaWNrbmFtZSI6IuWwj-aYjiIsIkJ1ZmZlclRpbWUiOjg2NDAwLCJleHAiOjE2MTg2MzU0NzEsImlzcyI6InFtUGx1cyIsIm5iZiI6MTYxODAyOTY3MX0.KVC48qtbz7-bwGr1QQ_LBIM30LK1mVQHA824Hl0lvbM'),(181,'2021-04-10 15:22:42','2021-04-10 15:22:42',NULL,'eyJhbGciOiJIUzI1NiIsInR5cCI6IkpXVCJ9.eyJJRCI6MTUzNCwiTW9iaWxlIjoiMTg3OTgyNzIwNTQiLCJOaWNrbmFtZSI6IuWwj-aYjiIsIkJ1ZmZlclRpbWUiOjg2NDAwLCJleHAiOjE2MTg2MzU0NzEsImlzcyI6InFtUGx1cyIsIm5iZiI6MTYxODAyOTY3MX0.KVC48qtbz7-bwGr1QQ_LBIM30LK1mVQHA824Hl0lvbM'),(182,'2021-04-10 15:51:14','2021-04-10 15:51:14',NULL,'eyJhbGciOiJIUzI1NiIsInR5cCI6IkpXVCJ9.eyJJRCI6MjA1MywiTW9iaWxlIjoiMTExMTExMTExMTEiLCJOaWNrbmFtZSI6IuWwj-eOiyIsIkJ1ZmZlclRpbWUiOjg2NDAwLCJleHAiOjE2MTg2MzcwNjgsImlzcyI6InFtUGx1cyIsIm5iZiI6MTYxODAzMTI2OH0.QuWmsWYf_Flq8B3u0B4qqZd8AkAoN2bxe-oMqHtZDGI'),(183,'2021-04-10 15:51:20','2021-04-10 15:51:20',NULL,'eyJhbGciOiJIUzI1NiIsInR5cCI6IkpXVCJ9.eyJJRCI6MTUzNCwiTW9iaWxlIjoiMTg3OTgyNzIwNTQiLCJOaWNrbmFtZSI6IuWwj-aYjiIsIkJ1ZmZlclRpbWUiOjg2NDAwLCJleHAiOjE2MTg2NDQxNjIsImlzcyI6InFtUGx1cyIsIm5iZiI6MTYxODAzODM2Mn0.NciSzGgb4iJnDdbNXOK3dHVqV2759P0dNI8F-XqHoRM'),(184,'2021-04-10 15:51:34','2021-04-10 15:51:34',NULL,'eyJhbGciOiJIUzI1NiIsInR5cCI6IkpXVCJ9.eyJJRCI6MjA1MywiTW9iaWxlIjoiMTExMTExMTExMTEiLCJOaWNrbmFtZSI6IuWwj-eOiyIsIkJ1ZmZlclRpbWUiOjg2NDAwLCJleHAiOjE2MTg2MzcwNjgsImlzcyI6InFtUGx1cyIsIm5iZiI6MTYxODAzMTI2OH0.QuWmsWYf_Flq8B3u0B4qqZd8AkAoN2bxe-oMqHtZDGI'),(185,'2021-04-10 18:47:02','2021-04-10 18:47:02',NULL,'eyJhbGciOiJIUzI1NiIsInR5cCI6IkpXVCJ9.eyJJRCI6MTUzNCwiTW9iaWxlIjoiMTg3OTgyNzIwNTQiLCJOaWNrbmFtZSI6IuWwj-aYjiIsIkJ1ZmZlclRpbWUiOjg2NDAwLCJleHAiOjE2MTg2NDQxNjIsImlzcyI6InFtUGx1cyIsIm5iZiI6MTYxODAzODM2Mn0.NciSzGgb4iJnDdbNXOK3dHVqV2759P0dNI8F-XqHoRM'),(186,'2021-04-10 18:49:15','2021-04-10 18:49:15',NULL,'eyJhbGciOiJIUzI1NiIsInR5cCI6IkpXVCJ9.eyJJRCI6MTIsIk1vYmlsZSI6IjE4Nzk4MjcyMDU0IiwiTmlja25hbWUiOiJ0ZXN0YWRtaW4iLCJCdWZmZXJUaW1lIjo4NjQwMCwiZXhwIjoxNjE0OTI2NDc5LCJpc3MiOiJxbVBsdXMiLCJuYmYiOjE2MTQzMjA2Nzl9.7cxHWEwVqT2jxCyXv3wQXZrVhLgSr8_rKNUTmP2T2j8'),(187,'2021-04-10 18:49:25','2021-04-10 18:49:25',NULL,'eyJhbGciOiJIUzI1NiIsInR5cCI6IkpXVCJ9.eyJJRCI6NDgwMywiTW9iaWxlIjoiMTg3OTgyNzIwNTUiLCJOaWNrbmFtZSI6IuWwj-e6oiIsIkJ1ZmZlclRpbWUiOjg2NDAwLCJleHAiOjE2MTg1NzEwNDksImlzcyI6InFtUGx1cyIsIm5iZiI6MTYxNzk2NTI0OX0.oNna9Ulwwu6LBpIqNjM8B43I1bfNh_vkVthVRfvOR08'),(188,'2021-04-10 18:55:28','2021-04-10 18:55:28',NULL,'eyJhbGciOiJIUzI1NiIsInR5cCI6IkpXVCJ9.eyJJRCI6MTUzNCwiTW9iaWxlIjoiMTg3OTgyNzIwNTQiLCJOaWNrbmFtZSI6IuWwj-aYjiIsIkJ1ZmZlclRpbWUiOjg2NDAwLCJleHAiOjE2MTg2NTY0MjEsImlzcyI6InFtUGx1cyIsIm5iZiI6MTYxODA1MDYyMX0.Qg20lNbA9B6m_jvdXsd2M-VqIh2T7tsw0kYSvvnlc-A'),(189,'2021-04-10 18:55:59','2021-04-10 18:55:59',NULL,'eyJhbGciOiJIUzI1NiIsInR5cCI6IkpXVCJ9.eyJJRCI6MTUzNCwiTW9iaWxlIjoiMTg3OTgyNzIwNTQiLCJOaWNrbmFtZSI6IuWwj-aYjiIsIkJ1ZmZlclRpbWUiOjg2NDAwLCJleHAiOjE2MTg2NTY0MjEsImlzcyI6InFtUGx1cyIsIm5iZiI6MTYxODA1MDYyMX0.Qg20lNbA9B6m_jvdXsd2M-VqIh2T7tsw0kYSvvnlc-A'),(190,'2021-04-10 18:56:10','2021-04-10 18:56:10',NULL,'eyJhbGciOiJIUzI1NiIsInR5cCI6IkpXVCJ9.eyJJRCI6NDgwMywiTW9iaWxlIjoiMTg3OTgyNzIwNTUiLCJOaWNrbmFtZSI6IuWwj-e6oiIsIkJ1ZmZlclRpbWUiOjg2NDAwLCJleHAiOjE2MTg2NTY1NjQsImlzcyI6InFtUGx1cyIsIm5iZiI6MTYxODA1MDc2NH0.W9A1OSZagvufCwCyE88qrywvpg6ZAxfs8oXflIt0yjM'),(191,'2021-04-10 20:12:08','2021-04-10 20:12:08',NULL,'eyJhbGciOiJIUzI1NiIsInR5cCI6IkpXVCJ9.eyJJRCI6MTUzNCwiTW9iaWxlIjoiMTg3OTgyNzIwNTQiLCJOaWNrbmFtZSI6IuWwj-aYjiIsIkJ1ZmZlclRpbWUiOjg2NDAwLCJleHAiOjE2MTg2NTY5MjcsImlzcyI6InFtUGx1cyIsIm5iZiI6MTYxODA1MTEyN30.zRGqFdSpO00Q9g3LdVZ8SVqRxwaGOKdIuoBQtpsfyFs'),(192,'2021-04-12 11:37:23','2021-04-12 11:37:23',NULL,'eyJhbGciOiJIUzI1NiIsInR5cCI6IkpXVCJ9.eyJJRCI6NDgwMywiTW9iaWxlIjoiMTg3OTgyNzIwNTUiLCJOaWNrbmFtZSI6IuWwj-e6oiIsIkJ1ZmZlclRpbWUiOjg2NDAwLCJleHAiOjE2MTg2NTY1NjQsImlzcyI6InFtUGx1cyIsIm5iZiI6MTYxODA1MDc2NH0.W9A1OSZagvufCwCyE88qrywvpg6ZAxfs8oXflIt0yjM'),(193,'2021-04-12 11:43:06','2021-04-12 11:43:06',NULL,'eyJhbGciOiJIUzI1NiIsInR5cCI6IkpXVCJ9.eyJJRCI6MTUzNCwiTW9iaWxlIjoiMTg3OTgyNzIwNTQiLCJOaWNrbmFtZSI6IuWwj-aYjiIsIkJ1ZmZlclRpbWUiOjg2NDAwLCJleHAiOjE2MTg2NTY5MjcsImlzcyI6InFtUGx1cyIsIm5iZiI6MTYxODA1MTEyN30.zRGqFdSpO00Q9g3LdVZ8SVqRxwaGOKdIuoBQtpsfyFs'),(194,'2021-04-12 11:45:04','2021-04-12 11:45:04',NULL,'eyJhbGciOiJIUzI1NiIsInR5cCI6IkpXVCJ9.eyJJRCI6MTMsIk1vYmlsZSI6IjE4Nzk4MjcyMDU1IiwiTmlja25hbWUiOiLlsI_nh5XlrZAiLCJCdWZmZXJUaW1lIjo4NjQwMCwiZXhwIjoxNjE2NDg3NDQ3LCJpc3MiOiJxbVBsdXMiLCJuYmYiOjE2MTU4ODE2NDd9.Fvvc7IahlsH3J8oDoqv-HaC7kP3VI6Lg9wKtUXy9Bvk'),(195,'2021-04-12 11:45:19','2021-04-12 11:45:19',NULL,'eyJhbGciOiJIUzI1NiIsInR5cCI6IkpXVCJ9.eyJJRCI6MzUwLCJNb2JpbGUiOiIxODc5ODI3MjA1MyIsIk5pY2tuYW1lIjoi5bCP54eV5a2QIiwiQnVmZmVyVGltZSI6ODY0MDAsImV4cCI6MTYxODY2MTU2OCwiaXNzIjoicW1QbHVzIiwibmJmIjoxNjE4MDU1NzY4fQ.lIAwIut5vhyM4DOSxYNQ_IRsUZ103wxCF1NWDgAmNxg'),(196,'2021-04-12 11:47:00','2021-04-12 11:47:00',NULL,'eyJhbGciOiJIUzI1NiIsInR5cCI6IkpXVCJ9.eyJJRCI6MzUwLCJNb2JpbGUiOiIxODc5ODI3MjA1MyIsIk5pY2tuYW1lIjoi5bCP54eV5a2QIiwiQnVmZmVyVGltZSI6ODY0MDAsImV4cCI6MTYxODgwMzkxOSwiaXNzIjoicW1QbHVzIiwibmJmIjoxNjE4MTk4MTE5fQ.HOh3SV9X-TS2GkJYcq0R2Nr06JAERcGp8sVK9hHAhRs'),(197,'2021-04-12 14:00:25','2021-04-12 14:00:25',NULL,'eyJhbGciOiJIUzI1NiIsInR5cCI6IkpXVCJ9.eyJJRCI6MTUzNCwiTW9iaWxlIjoiMTg3OTgyNzIwNTQiLCJOaWNrbmFtZSI6IuWwj-aYjiIsIkJ1ZmZlclRpbWUiOjg2NDAwLCJleHAiOjE2MTg4MDM3ODYsImlzcyI6InFtUGx1cyIsIm5iZiI6MTYxODE5Nzk4Nn0.96hySAQAscGd0y7oqWxKZDmiCoBLgJmvyIVz1kXGDDA'),(198,'2021-04-12 15:08:20','2021-04-12 15:08:20',NULL,'eyJhbGciOiJIUzI1NiIsInR5cCI6IkpXVCJ9.eyJJRCI6MzUwLCJNb2JpbGUiOiIxODc5ODI3MjA1MyIsIk5pY2tuYW1lIjoi5bCP54eV5a2QIiwiQnVmZmVyVGltZSI6ODY0MDAsImV4cCI6MTYxODgwNDAyMCwiaXNzIjoicW1QbHVzIiwibmJmIjoxNjE4MTk4MjIwfQ.ToDBpySLvF0WIsyaA3eRF6bqe6MqZ2IBAjboTplf2jo'),(199,'2021-04-12 15:08:32','2021-04-12 15:08:32',NULL,'eyJhbGciOiJIUzI1NiIsInR5cCI6IkpXVCJ9.eyJJRCI6MjA1MywiTW9iaWxlIjoiMTExMTExMTExMTEiLCJOaWNrbmFtZSI6IuWwj-eOiyIsIkJ1ZmZlclRpbWUiOjg2NDAwLCJleHAiOjE2MTg2NDU4OTMsImlzcyI6InFtUGx1cyIsIm5iZiI6MTYxODA0MDA5M30.okABaP6l49mbbR72QgmjnvLG1onZO9gQ64KPwhJwgl4'),(200,'2021-04-12 15:08:44','2021-04-12 15:08:44',NULL,'eyJhbGciOiJIUzI1NiIsInR5cCI6IkpXVCJ9.eyJJRCI6MzUwLCJNb2JpbGUiOiIxODc5ODI3MjA1MyIsIk5pY2tuYW1lIjoi5bCP54eV5a2QIiwiQnVmZmVyVGltZSI6ODY0MDAsImV4cCI6MTYxODgwNDAyMCwiaXNzIjoicW1QbHVzIiwibmJmIjoxNjE4MTk4MjIwfQ.ToDBpySLvF0WIsyaA3eRF6bqe6MqZ2IBAjboTplf2jo'),(201,'2021-04-12 15:19:41','2021-04-12 15:19:41',NULL,'eyJhbGciOiJIUzI1NiIsInR5cCI6IkpXVCJ9.eyJJRCI6MzUwLCJNb2JpbGUiOiIxODc5ODI3MjA1MyIsIk5pY2tuYW1lIjoi5bCP54eV5a2QIiwiQnVmZmVyVGltZSI6ODY0MDAsImV4cCI6MTYxODgxNjEyMywiaXNzIjoicW1QbHVzIiwibmJmIjoxNjE4MjEwMzIzfQ.r-CF7VSjSnZs6rodAGSTVHW6MMpSZEvnfd0-kvoEiyI'),(202,'2021-04-12 15:19:50','2021-04-12 15:19:50',NULL,'eyJhbGciOiJIUzI1NiIsInR5cCI6IkpXVCJ9.eyJJRCI6MzUwLCJNb2JpbGUiOiIxODc5ODI3MjA1MyIsIk5pY2tuYW1lIjoi5bCP54eV5a2QIiwiQnVmZmVyVGltZSI6ODY0MDAsImV4cCI6MTYxODgxNjc4MSwiaXNzIjoicW1QbHVzIiwibmJmIjoxNjE4MjEwOTgxfQ.eT7c5DWr6Ez1uvQo49IFiSg6KKfVJu7ytkdTgGJX6VA'),(203,'2021-04-12 15:20:02','2021-04-12 15:20:02',NULL,'eyJhbGciOiJIUzI1NiIsInR5cCI6IkpXVCJ9.eyJJRCI6NDgwMywiTW9iaWxlIjoiMTg3OTgyNzIwNTUiLCJOaWNrbmFtZSI6IuWwj-e6oiIsIkJ1ZmZlclRpbWUiOjg2NDAwLCJleHAiOjE2MTg2NTY5NzAsImlzcyI6InFtUGx1cyIsIm5iZiI6MTYxODA1MTE3MH0.l4yA96npUiTS8qrelueT341eiQDAO92fWIlmtXSjnHo'),(204,'2021-04-12 15:20:16','2021-04-12 15:20:16',NULL,'eyJhbGciOiJIUzI1NiIsInR5cCI6IkpXVCJ9.eyJJRCI6MzUwLCJNb2JpbGUiOiIxODc5ODI3MjA1MyIsIk5pY2tuYW1lIjoi5bCP54eV5a2QIiwiQnVmZmVyVGltZSI6ODY0MDAsImV4cCI6MTYxODgxNjEyMywiaXNzIjoicW1QbHVzIiwibmJmIjoxNjE4MjEwMzIzfQ.r-CF7VSjSnZs6rodAGSTVHW6MMpSZEvnfd0-kvoEiyI'),(205,'2021-04-12 15:20:29','2021-04-12 15:20:29',NULL,'eyJhbGciOiJIUzI1NiIsInR5cCI6IkpXVCJ9.eyJJRCI6MzUwLCJNb2JpbGUiOiIxODc5ODI3MjA1MyIsIk5pY2tuYW1lIjoi5bCP54eV5a2QIiwiQnVmZmVyVGltZSI6ODY0MDAsImV4cCI6MTYxODgxNjc4MSwiaXNzIjoicW1QbHVzIiwibmJmIjoxNjE4MjEwOTgxfQ.eT7c5DWr6Ez1uvQo49IFiSg6KKfVJu7ytkdTgGJX6VA'),(206,'2021-04-12 15:21:36','2021-04-12 15:21:36',NULL,'eyJhbGciOiJIUzI1NiIsInR5cCI6IkpXVCJ9.eyJJRCI6NDgwMywiTW9iaWxlIjoiMTg3OTgyNzIwNTUiLCJOaWNrbmFtZSI6IuWwj-e6oiIsIkJ1ZmZlclRpbWUiOjg2NDAwLCJleHAiOjE2MTg4MTY4MDIsImlzcyI6InFtUGx1cyIsIm5iZiI6MTYxODIxMTAwMn0.bajZSYVWMc18iTBVcyKrfX4hica8dIZWf1xiBFALuHU'),(207,'2021-04-12 15:21:47','2021-04-12 15:21:47',NULL,'eyJhbGciOiJIUzI1NiIsInR5cCI6IkpXVCJ9.eyJJRCI6MTUzNCwiTW9iaWxlIjoiMTg3OTgyNzIwNTQiLCJOaWNrbmFtZSI6IuWwj-aYjiIsIkJ1ZmZlclRpbWUiOjg2NDAwLCJleHAiOjE2MTg4MTIwMjQsImlzcyI6InFtUGx1cyIsIm5iZiI6MTYxODIwNjIyNH0.TXzl2jykEa_xzl9v8S2hecSoK4s9uNtBk7eRczQS2bs'),(208,'2021-04-12 15:22:14','2021-04-12 15:22:14',NULL,'eyJhbGciOiJIUzI1NiIsInR5cCI6IkpXVCJ9.eyJJRCI6MTUzNCwiTW9iaWxlIjoiMTg3OTgyNzIwNTQiLCJOaWNrbmFtZSI6IuWwj-aYjiIsIkJ1ZmZlclRpbWUiOjg2NDAwLCJleHAiOjE2MTg4MTY5MDYsImlzcyI6InFtUGx1cyIsIm5iZiI6MTYxODIxMTEwNn0.PUUZhZ4R-7MwaeJyfbO1vCZ6a0r39msZZTEnJB8EOYw'),(209,'2021-04-12 15:22:26','2021-04-12 15:22:26',NULL,'eyJhbGciOiJIUzI1NiIsInR5cCI6IkpXVCJ9.eyJJRCI6MjA1MywiTW9iaWxlIjoiMTExMTExMTExMTEiLCJOaWNrbmFtZSI6IuWwj-eOiyIsIkJ1ZmZlclRpbWUiOjg2NDAwLCJleHAiOjE2MTg2NDU4OTMsImlzcyI6InFtUGx1cyIsIm5iZiI6MTYxODA0MDA5M30.okABaP6l49mbbR72QgmjnvLG1onZO9gQ64KPwhJwgl4'),(210,'2021-04-12 15:22:44','2021-04-12 15:22:44',NULL,'eyJhbGciOiJIUzI1NiIsInR5cCI6IkpXVCJ9.eyJJRCI6MjA1MywiTW9iaWxlIjoiMTExMTExMTExMTEiLCJOaWNrbmFtZSI6IuWwj-eOiyIsIkJ1ZmZlclRpbWUiOjg2NDAwLCJleHAiOjE2MTg4MTY5NDYsImlzcyI6InFtUGx1cyIsIm5iZiI6MTYxODIxMTE0Nn0.fIyEfWHuLcfIr2VXKV3p4JEeL06XqutD2QdOJoSfKgY'),(211,'2021-04-12 15:23:46','2021-04-12 15:23:46',NULL,'eyJhbGciOiJIUzI1NiIsInR5cCI6IkpXVCJ9.eyJJRCI6MzUwLCJNb2JpbGUiOiIxODc5ODI3MjA1MyIsIk5pY2tuYW1lIjoi5bCP54eV5a2QIiwiQnVmZmVyVGltZSI6ODY0MDAsImV4cCI6MTYxODgxNjgyOCwiaXNzIjoicW1QbHVzIiwibmJmIjoxNjE4MjExMDI4fQ.2ksoFqQ-9FFJnVg0kKB_7encBr35TXieJE_r4R1miyg'),(212,'2021-04-12 15:23:57','2021-04-12 15:23:57',NULL,'eyJhbGciOiJIUzI1NiIsInR5cCI6IkpXVCJ9.eyJJRCI6MjA1MywiTW9iaWxlIjoiMTExMTExMTExMTEiLCJOaWNrbmFtZSI6IuWwj-eOiyIsIkJ1ZmZlclRpbWUiOjg2NDAwLCJleHAiOjE2MTg4MTY5NDYsImlzcyI6InFtUGx1cyIsIm5iZiI6MTYxODIxMTE0Nn0.fIyEfWHuLcfIr2VXKV3p4JEeL06XqutD2QdOJoSfKgY'),(213,'2021-04-12 15:27:27','2021-04-12 15:27:27',NULL,'eyJhbGciOiJIUzI1NiIsInR5cCI6IkpXVCJ9.eyJJRCI6NDgwMywiTW9iaWxlIjoiMTg3OTgyNzIwNTUiLCJOaWNrbmFtZSI6IuWwj-e6oiIsIkJ1ZmZlclRpbWUiOjg2NDAwLCJleHAiOjE2MTg4MTY4MDIsImlzcyI6InFtUGx1cyIsIm5iZiI6MTYxODIxMTAwMn0.bajZSYVWMc18iTBVcyKrfX4hica8dIZWf1xiBFALuHU'),(214,'2021-04-12 16:08:09','2021-04-12 16:08:09',NULL,'eyJhbGciOiJIUzI1NiIsInR5cCI6IkpXVCJ9.eyJJRCI6MTUzNCwiTW9iaWxlIjoiMTg3OTgyNzIwNTQiLCJOaWNrbmFtZSI6IuWwj-aYjiIsIkJ1ZmZlclRpbWUiOjg2NDAwLCJleHAiOjE2MTg4MTY5MDYsImlzcyI6InFtUGx1cyIsIm5iZiI6MTYxODIxMTEwNn0.PUUZhZ4R-7MwaeJyfbO1vCZ6a0r39msZZTEnJB8EOYw'),(215,'2021-04-12 17:03:21','2021-04-12 17:03:21',NULL,'eyJhbGciOiJIUzI1NiIsInR5cCI6IkpXVCJ9.eyJJRCI6MTUzNCwiTW9iaWxlIjoiMTg3OTgyNzIwNTQiLCJOaWNrbmFtZSI6IuWwj-aYjiIsIkJ1ZmZlclRpbWUiOjg2NDAwLCJleHAiOjE2MTg4MTk2ODgsImlzcyI6InFtUGx1cyIsIm5iZiI6MTYxODIxMzg4OH0.wyOfwIuwpesEFvK1jYGfQrCUeomDThGARprJam6ON3Q'),(216,'2021-04-12 17:03:25','2021-04-12 17:03:25',NULL,'eyJhbGciOiJIUzI1NiIsInR5cCI6IkpXVCJ9.eyJJRCI6MTUzNCwiTW9iaWxlIjoiMTg3OTgyNzIwNTQiLCJOaWNrbmFtZSI6IuWwj-aYjiIsIkJ1ZmZlclRpbWUiOjg2NDAwLCJleHAiOjE2MTg4MjMwMDEsImlzcyI6InFtUGx1cyIsIm5iZiI6MTYxODIxNzIwMX0.A8l2AwYTRdbWp1UKboaMQacNRJp_Vq6pYXqO2idPxY8'),(217,'2021-04-12 17:03:38','2021-04-12 17:03:38',NULL,'eyJhbGciOiJIUzI1NiIsInR5cCI6IkpXVCJ9.eyJJRCI6NDgwMywiTW9iaWxlIjoiMTg3OTgyNzIwNTUiLCJOaWNrbmFtZSI6IuWwj-e6oiIsIkJ1ZmZlclRpbWUiOjg2NDAwLCJleHAiOjE2MTg4MTcyNDcsImlzcyI6InFtUGx1cyIsIm5iZiI6MTYxODIxMTQ0N30.oFPTLA0JI5HuQv3xCcZlb-0hBL3_xwcJAaPbWtuCs20'),(218,'2021-04-12 17:11:07','2021-04-12 17:11:07',NULL,'eyJhbGciOiJIUzI1NiIsInR5cCI6IkpXVCJ9.eyJJRCI6NDgwMywiTW9iaWxlIjoiMTg3OTgyNzIwNTUiLCJOaWNrbmFtZSI6IuWwj-e6oiIsIkJ1ZmZlclRpbWUiOjg2NDAwLCJleHAiOjE2MTg4MTcyNDcsImlzcyI6InFtUGx1cyIsIm5iZiI6MTYxODIxMTQ0N30.oFPTLA0JI5HuQv3xCcZlb-0hBL3_xwcJAaPbWtuCs20'),(219,'2021-04-12 17:11:16','2021-04-12 17:11:16',NULL,'eyJhbGciOiJIUzI1NiIsInR5cCI6IkpXVCJ9.eyJJRCI6MTUzNCwiTW9iaWxlIjoiMTg3OTgyNzIwNTQiLCJOaWNrbmFtZSI6IuWwj-aYjiIsIkJ1ZmZlclRpbWUiOjg2NDAwLCJleHAiOjE2MTg4MjMwMDEsImlzcyI6InFtUGx1cyIsIm5iZiI6MTYxODIxNzIwMX0.A8l2AwYTRdbWp1UKboaMQacNRJp_Vq6pYXqO2idPxY8'),(220,'2021-04-13 18:20:22','2021-04-13 18:20:22',NULL,'eyJhbGciOiJIUzI1NiIsInR5cCI6IkpXVCJ9.eyJJRCI6MzUwLCJNb2JpbGUiOiIxODc5ODI3MjA1MyIsIk5pY2tuYW1lIjoi5bCP54eV5a2QIiwiQnVmZmVyVGltZSI6ODY0MDAsImV4cCI6MTYxODgwMzkxOSwiaXNzIjoicW1QbHVzIiwibmJmIjoxNjE4MTk4MTE5fQ.HOh3SV9X-TS2GkJYcq0R2Nr06JAERcGp8sVK9hHAhRs'),(221,'2021-04-13 18:20:34','2021-04-13 18:20:34',NULL,'eyJhbGciOiJIUzI1NiIsInR5cCI6IkpXVCJ9.eyJJRCI6MzUwLCJNb2JpbGUiOiIxODc5ODI3MjA1MyIsIk5pY2tuYW1lIjoi5bCP54eV5a2QIiwiQnVmZmVyVGltZSI6ODY0MDAsImV4cCI6MTYxODgxNjgyOCwiaXNzIjoicW1QbHVzIiwibmJmIjoxNjE4MjExMDI4fQ.2ksoFqQ-9FFJnVg0kKB_7encBr35TXieJE_r4R1miyg'),(222,'2021-04-13 18:21:44','2021-04-13 18:21:44',NULL,'eyJhbGciOiJIUzI1NiIsInR5cCI6IkpXVCJ9.eyJJRCI6MzUwLCJNb2JpbGUiOiIxODc5ODI3MjA1MyIsIk5pY2tuYW1lIjoi5bCP54eV5a2QIiwiQnVmZmVyVGltZSI6ODY0MDAsImV4cCI6MTYxODkxNDAzMywiaXNzIjoicW1QbHVzIiwibmJmIjoxNjE4MzA4MjMzfQ.dACePTsqgfUMak3r1240qboGqvqUwUXiTWR3gzCD6n8'),(223,'2021-04-13 19:42:54','2021-04-13 19:42:54',NULL,'eyJhbGciOiJIUzI1NiIsInR5cCI6IkpXVCJ9.eyJJRCI6MTUzNCwiTW9iaWxlIjoiMTg3OTgyNzIwNTQiLCJOaWNrbmFtZSI6IuWwj-aYjiIsIkJ1ZmZlclRpbWUiOjg2NDAwLCJleHAiOjE2MTg4MjM0NzUsImlzcyI6InFtUGx1cyIsIm5iZiI6MTYxODIxNzY3NX0.a01Ze4HIe9wdrW9T3KpxXagqKM2v2uO1QAXsmZM4Cf4'),(224,'2021-04-13 19:44:14','2021-04-13 19:44:14',NULL,'eyJhbGciOiJIUzI1NiIsInR5cCI6IkpXVCJ9.eyJJRCI6MTUzNCwiTW9iaWxlIjoiMTg3OTgyNzIwNTQiLCJOaWNrbmFtZSI6IuWwj-aYjiIsIkJ1ZmZlclRpbWUiOjg2NDAwLCJleHAiOjE2MTg5MTg5NzQsImlzcyI6InFtUGx1cyIsIm5iZiI6MTYxODMxMzE3NH0.Z3LAiVkZf9PW4XeAc-c_WX0-YGf4SOObsp1IJW-LSsk'),(225,'2021-04-13 20:12:14','2021-04-13 20:12:14',NULL,'eyJhbGciOiJIUzI1NiIsInR5cCI6IkpXVCJ9.eyJJRCI6MTUzNCwiTW9iaWxlIjoiMTg3OTgyNzIwNTQiLCJOaWNrbmFtZSI6IuWwj-aYjiIsIkJ1ZmZlclRpbWUiOjg2NDAwLCJleHAiOjE2MTg5MTkwNTQsImlzcyI6InFtUGx1cyIsIm5iZiI6MTYxODMxMzI1NH0.56Ala8Ok9Tkjas_TU2nDzQui4Bn81AuIIX5ZZSYHzpo'),(226,'2021-04-13 20:13:46','2021-04-13 20:13:46',NULL,'eyJhbGciOiJIUzI1NiIsInR5cCI6IkpXVCJ9.eyJJRCI6MTUzNCwiTW9iaWxlIjoiMTg3OTgyNzIwNTQiLCJOaWNrbmFtZSI6IuWwj-aYjiIsIkJ1ZmZlclRpbWUiOjg2NDAwLCJleHAiOjE2MTg5MjA3MzMsImlzcyI6InFtUGx1cyIsIm5iZiI6MTYxODMxNDkzM30._LOoKFRwOohlvhgzMQA79A9WZKZ0KH-JVOMIo2e_RXk'),(227,'2021-04-13 20:13:53','2021-04-13 20:13:53',NULL,'eyJhbGciOiJIUzI1NiIsInR5cCI6IkpXVCJ9.eyJJRCI6MTUzNCwiTW9iaWxlIjoiMTg3OTgyNzIwNTQiLCJOaWNrbmFtZSI6IuWwj-aYjiIsIkJ1ZmZlclRpbWUiOjg2NDAwLCJleHAiOjE2MTg5MjA4MjYsImlzcyI6InFtUGx1cyIsIm5iZiI6MTYxODMxNTAyNn0.DhPlVmEviw06dkSZwF5LGnlRhsFQsQmWrITiWwUQsxQ'),(228,'2021-04-13 20:14:03','2021-04-13 20:14:03',NULL,'eyJhbGciOiJIUzI1NiIsInR5cCI6IkpXVCJ9.eyJJRCI6NDgwMywiTW9iaWxlIjoiMTg3OTgyNzIwNTUiLCJOaWNrbmFtZSI6IuWwj-e6oiIsIkJ1ZmZlclRpbWUiOjg2NDAwLCJleHAiOjE2MTg4MjMwMTgsImlzcyI6InFtUGx1cyIsIm5iZiI6MTYxODIxNzIxOH0.G3oPnmfbQ71Mkoqy0X2tg6_y53yO4FeE9ZlC4yLQnic'),(229,'2021-04-13 20:22:27','2021-04-13 20:22:27',NULL,'eyJhbGciOiJIUzI1NiIsInR5cCI6IkpXVCJ9.eyJJRCI6NDgwMywiTW9iaWxlIjoiMTg3OTgyNzIwNTUiLCJOaWNrbmFtZSI6IuWwj-e6oiIsIkJ1ZmZlclRpbWUiOjg2NDAwLCJleHAiOjE2MTg5MjA4NDIsImlzcyI6InFtUGx1cyIsIm5iZiI6MTYxODMxNTA0Mn0.XisQdsSgnY_qOe4jo2QtQzTv8kP0diKMqMTdtrgF__A'),(230,'2021-04-13 20:22:38','2021-04-13 20:22:38',NULL,'eyJhbGciOiJIUzI1NiIsInR5cCI6IkpXVCJ9.eyJJRCI6NDgwMywiTW9iaWxlIjoiMTg3OTgyNzIwNTUiLCJOaWNrbmFtZSI6IuWwj-e6oiIsIkJ1ZmZlclRpbWUiOjg2NDAwLCJleHAiOjE2MTg5MjA4NDIsImlzcyI6InFtUGx1cyIsIm5iZiI6MTYxODMxNTA0Mn0.XisQdsSgnY_qOe4jo2QtQzTv8kP0diKMqMTdtrgF__A'),(231,'2021-04-13 20:22:45','2021-04-13 20:22:45',NULL,'eyJhbGciOiJIUzI1NiIsInR5cCI6IkpXVCJ9.eyJJRCI6NDgwMywiTW9iaWxlIjoiMTg3OTgyNzIwNTUiLCJOaWNrbmFtZSI6IuWwj-e6oiIsIkJ1ZmZlclRpbWUiOjg2NDAwLCJleHAiOjE2MTg5MjEzNTcsImlzcyI6InFtUGx1cyIsIm5iZiI6MTYxODMxNTU1N30.3Ctmx1Leip7nfU4or5p8FMqrwOYa3J79NU7rii7vP98'),(232,'2021-04-13 20:22:58','2021-04-13 20:22:58',NULL,'eyJhbGciOiJIUzI1NiIsInR5cCI6IkpXVCJ9.eyJJRCI6MzUwLCJNb2JpbGUiOiIxODc5ODI3MjA1MyIsIk5pY2tuYW1lIjoi5bCP54eV5a2QIiwiQnVmZmVyVGltZSI6ODY0MDAsImV4cCI6MTYxODkxNDEwNCwiaXNzIjoicW1QbHVzIiwibmJmIjoxNjE4MzA4MzA0fQ.2zRAKHT4BU_0MT2HLksyeZLRNpU-OvOkDrZ0mXh1DSo'),(233,'2021-04-13 20:23:33','2021-04-13 20:23:33',NULL,'eyJhbGciOiJIUzI1NiIsInR5cCI6IkpXVCJ9.eyJJRCI6MzUwLCJNb2JpbGUiOiIxODc5ODI3MjA1MyIsIk5pY2tuYW1lIjoi5bCP54eV5a2QIiwiQnVmZmVyVGltZSI6ODY0MDAsImV4cCI6MTYxODkyMTM3OCwiaXNzIjoicW1QbHVzIiwibmJmIjoxNjE4MzE1NTc4fQ.J5oPUF7pctKoCLnhreM76grGwwaJBxCBvL1JgpeGblA');

/*Table structure for table `messages_list` */

DROP TABLE IF EXISTS `messages_list`;

CREATE TABLE `messages_list` (
  `id` int unsigned NOT NULL AUTO_INCREMENT,
  `created_at` timestamp NULL DEFAULT NULL,
  `updated_at` timestamp NULL DEFAULT NULL,
  `deleted_at` timestamp NULL DEFAULT NULL,
  `type` tinyint DEFAULT '1' COMMENT '1 私聊 ，2 群聊',
  `user_id` int DEFAULT '0' COMMENT '用户id',
  `friend_id` int DEFAULT '0' COMMENT '朋友id',
  `group_id` int DEFAULT '0' COMMENT '群id',
  `unread_num` int DEFAULT '0' COMMENT '是否已经查看',
  `msg_text` varchar(1000) CHARACTER SET utf8 COLLATE utf8_general_ci DEFAULT '' COMMENT '消息内容',
  `online` tinyint(1) DEFAULT '0' COMMENT '在线状态',
  `status` int DEFAULT '1',
  PRIMARY KEY (`id`) USING BTREE,
  UNIQUE KEY `index_id` (`group_id`,`user_id`,`type`,`friend_id`) USING BTREE,
  KEY `index_group` (`group_id`),
  KEY `index_friend` (`friend_id`),
  KEY `index_user` (`user_id`),
  KEY `index_type` (`type`),
  KEY `idx_messages_list_deleted_at` (`deleted_at`) USING BTREE
) ENGINE=InnoDB AUTO_INCREMENT=26 DEFAULT CHARSET=utf8 ROW_FORMAT=COMPACT;

/*Data for the table `messages_list` */

insert  into `messages_list`(`id`,`created_at`,`updated_at`,`deleted_at`,`type`,`user_id`,`friend_id`,`group_id`,`unread_num`,`msg_text`,`online`,`status`) values (15,'2021-04-09 12:00:42','2021-04-09 12:00:42',NULL,1,4803,2053,0,0,'母鸡啊',1,1),(19,'2021-04-10 15:46:49','2021-04-10 15:46:49',NULL,1,1534,2053,0,0,'[篮球]',1,1),(20,'2021-04-10 15:49:11','2021-04-10 15:49:11',NULL,1,2053,1534,0,0,'[篮球]',1,1),(21,'2021-04-10 15:52:11','2021-04-10 15:52:11',NULL,1,2053,4803,0,0,'母鸡啊',1,1),(22,'2021-04-10 18:24:46','2021-04-10 18:24:46',NULL,2,2053,0,3230,0,'1',0,1),(23,'2021-04-12 11:44:06','2021-04-12 11:44:06',NULL,1,2053,350,0,0,'sdafasdf',1,1),(24,'2021-04-12 11:44:19','2021-04-12 11:44:19',NULL,1,350,2053,0,0,'sdafasdf',0,1),(25,'2021-04-12 15:46:34','2021-04-12 15:46:34',NULL,2,2053,0,1316,0,'[偷笑]',0,1);

/*Table structure for table `sys_user` */

DROP TABLE IF EXISTS `sys_user`;

CREATE TABLE `sys_user` (
  `id` int unsigned NOT NULL AUTO_INCREMENT,
  `created_at` timestamp NULL DEFAULT NULL,
  `updated_at` timestamp NULL DEFAULT NULL,
  `deleted_at` timestamp NULL DEFAULT NULL,
  `gender` tinyint DEFAULT '1' COMMENT '状态:1=男，0=女',
  `nickname` varchar(255) CHARACTER SET utf8 COLLATE utf8_general_ci DEFAULT '' COMMENT '用户昵称',
  `email` varchar(255) CHARACTER SET utf8 COLLATE utf8_general_ci DEFAULT '' COMMENT '用户邮箱',
  `motto` varchar(255) CHARACTER SET utf8 COLLATE utf8_general_ci DEFAULT '' COMMENT '个性签名',
  `avatar` varchar(255) CHARACTER SET utf8 COLLATE utf8_general_ci DEFAULT 'http://img.wxcha.com/m00/b0/2b/65252be5c6e7e8ace4458e517cb5ad08.jpg' COMMENT '用户头像',
  `mobile` varchar(255) CHARACTER SET utf8 COLLATE utf8_general_ci DEFAULT NULL COMMENT '用户手机号',
  `password` varchar(255) CHARACTER SET utf8 COLLATE utf8_general_ci DEFAULT NULL COMMENT '登录密码',
  PRIMARY KEY (`id`) USING BTREE,
  UNIQUE KEY `index_mobile` (`mobile`),
  KEY `idx_users_deleted_at` (`deleted_at`) USING BTREE,
  KEY `idx_sys_user_deleted_at` (`deleted_at`) USING BTREE
) ENGINE=InnoDB AUTO_INCREMENT=9314 DEFAULT CHARSET=utf8 ROW_FORMAT=COMPACT;

/*Data for the table `sys_user` */

insert  into `sys_user`(`id`,`created_at`,`updated_at`,`deleted_at`,`gender`,`nickname`,`email`,`motto`,`avatar`,`mobile`,`password`) values (350,'2021-04-10 20:12:37','2021-04-10 20:12:37',NULL,2,'小燕子','','快乐的小鸟','http://127.0.0.1:8888/uploads/file/img/f00ebb89-220b-48e3-97b3-7589b63e85b3.png','18798272053','0192023a7bbd73250516f069df18b500'),(1534,'2021-04-08 18:49:27','2021-04-08 18:49:27',NULL,2,'小明','','','http://127.0.0.1:8888/uploads/file/img/527687de-3439-4ac3-81f0-28babe3ff825.png','18798272054','0192023a7bbd73250516f069df18b500'),(2053,'2021-04-08 18:51:02','2021-04-08 18:51:02',NULL,1,'小王','','','http://127.0.0.1:8888/uploads/file/img/915e0557-9bee-458f-93eb-8b0782b91f18.png','11111111111','0192023a7bbd73250516f069df18b500'),(4803,'2021-04-08 18:49:51','2021-04-08 18:49:51',NULL,1,'小红','','','http://img.wxcha.com/m00/b0/2b/65252be5c6e7e8ace4458e517cb5ad08.jpg','18798272055','0192023a7bbd73250516f069df18b500');

/*Table structure for table `talk_list` */

DROP TABLE IF EXISTS `talk_list`;

CREATE TABLE `talk_list` (
  `id` int unsigned NOT NULL AUTO_INCREMENT,
  `created_at` timestamp NULL DEFAULT NULL,
  `updated_at` timestamp NULL DEFAULT NULL,
  `deleted_at` timestamp NULL DEFAULT NULL,
  `source` tinyint DEFAULT '1' COMMENT '群 还是 私聊',
  `msg_type` int DEFAULT '0' COMMENT '消息类型 1 文字 5 代码 2 图片',
  `receive_id` int DEFAULT '0' COMMENT '接收人或者群id',
  `is_revoke` int DEFAULT '0' COMMENT '是否是好友请求消息',
  `user_id` int DEFAULT '0' COMMENT '好友id',
  `content` varchar(1000) CHARACTER SET utf8 COLLATE utf8_general_ci DEFAULT '' COMMENT '消息内容',
  PRIMARY KEY (`id`) USING BTREE,
  KEY `index_msg_type_id` (`msg_type`),
  KEY `index_source_id` (`source`),
  KEY `index_receive_id` (`receive_id`),
  KEY `index_user_id` (`user_id`),
  KEY `idx_messages_list_deleted_at` (`deleted_at`) USING BTREE
) ENGINE=InnoDB AUTO_INCREMENT=811 DEFAULT CHARSET=utf8 ROW_FORMAT=COMPACT;

/*Data for the table `talk_list` */

insert  into `talk_list`(`id`,`created_at`,`updated_at`,`deleted_at`,`source`,`msg_type`,`receive_id`,`is_revoke`,`user_id`,`content`) values (507,'2021-04-09 12:13:40','2021-04-09 12:13:40',NULL,1,1,2053,0,4803,'你好啊'),(508,'2021-04-09 12:14:52','2021-04-09 12:14:52',NULL,1,1,2053,0,4803,'？'),(509,'2021-04-09 12:14:55','2021-04-09 12:14:55',NULL,1,1,2053,0,4803,'你人呢'),(510,'2021-04-09 13:19:32','2021-04-09 13:19:32',NULL,1,1,2053,0,4803,'123'),(511,'2021-04-09 13:19:55','2021-04-09 13:19:55',NULL,1,1,4803,0,2053,'？'),(512,'2021-04-09 13:19:57','2021-04-09 13:19:57',NULL,1,1,4803,0,2053,'干码'),(513,'2021-04-09 13:20:05','2021-04-09 13:20:05',NULL,1,1,2053,0,4803,'找你有事'),(514,'2021-04-09 13:20:07','2021-04-09 13:20:07',NULL,1,1,4803,0,2053,'说'),(515,'2021-04-09 13:20:14','2021-04-09 13:20:14',NULL,1,1,2053,0,4803,'没事了。。'),(516,'2021-04-09 13:20:17','2021-04-09 13:20:17',NULL,1,1,4803,0,2053,'你有毒吧'),(517,'2021-04-09 14:28:19','2021-04-09 14:28:19',NULL,1,1,4803,0,2053,'2313'),(518,'2021-04-09 14:28:25','2021-04-09 14:28:25',NULL,1,1,4803,0,2053,'你好啊'),(519,'2021-04-09 14:28:48','2021-04-09 14:28:48',NULL,1,1,2053,0,4803,'你好哦'),(520,'2021-04-09 14:28:57','2021-04-09 14:28:57',NULL,1,1,4803,0,2053,'你是哥哥还是妹妹'),(521,'2021-04-09 14:29:09','2021-04-09 14:29:09',NULL,1,1,2053,0,4803,'我是大老爷们'),(522,'2021-04-09 14:29:26','2021-04-09 14:29:26',NULL,1,1,4803,0,2053,'人特么大老爷们用个女的头像'),(523,'2021-04-09 14:29:39','2021-04-09 14:29:39',NULL,1,1,2053,0,4803,'不服？'),(524,'2021-04-09 14:29:44','2021-04-09 14:29:44',NULL,1,1,4803,0,2053,'.....'),(525,'2021-04-09 14:55:43','2021-04-09 14:55:43',NULL,1,1,2053,0,4803,'123'),(526,'2021-04-09 14:56:04','2021-04-09 14:56:04',NULL,1,1,4803,0,2053,'爱情这个东西不是所有人都能有的'),(527,'2021-04-09 15:14:44','2021-04-09 15:14:44',NULL,1,1,4803,0,2053,'hai'),(528,'2021-04-09 15:14:56','2021-04-09 15:14:56',NULL,1,1,2053,0,4803,'[呲牙]'),(529,'2021-04-09 15:15:04','2021-04-09 15:15:04',NULL,1,1,2053,0,4803,'i come back'),(533,'2021-04-09 15:26:45','2021-04-09 15:26:45',NULL,1,1,4803,0,2053,'again'),(534,'2021-04-09 15:39:15','2021-04-09 15:39:15',NULL,1,1,4803,0,2053,'11'),(535,'2021-04-09 15:39:33','2021-04-09 15:39:33',NULL,1,1,2053,0,4803,'123123'),(536,'2021-04-09 15:53:59','2021-04-09 15:53:59',NULL,1,1,4803,0,2053,'1231321'),(542,'2021-04-09 19:07:45','2021-04-09 19:07:45',NULL,1,1,4803,0,2053,'你好'),(543,'2021-04-09 19:07:51','2021-04-09 19:07:51',NULL,1,1,2053,0,4803,'你好哦'),(544,'2021-04-09 19:07:58','2021-04-09 19:07:58',NULL,1,1,4803,0,2053,'[可爱]'),(545,'2021-04-09 19:08:11','2021-04-09 19:08:11',NULL,1,2,2053,0,4803,''),(546,'2021-04-09 19:29:51','2021-04-09 19:29:51',NULL,1,1,2053,0,4803,'123'),(547,'2021-04-09 20:01:03','2021-04-09 20:01:03',NULL,1,1,4803,0,2053,'123'),(548,'2021-04-09 20:01:16','2021-04-09 20:01:16',NULL,1,1,2053,0,4803,'123'),(549,'2021-04-09 20:01:26','2021-04-09 20:01:26',NULL,1,1,2053,0,4803,'？？'),(550,'2021-04-09 20:01:34','2021-04-09 20:01:34',NULL,1,1,2053,0,4803,'你？'),(551,'2021-04-10 13:23:37','2021-04-10 13:23:37',NULL,1,1,2053,0,1534,'123'),(552,'2021-04-10 14:47:25','2021-04-10 14:47:25',NULL,1,1,2053,0,1534,'？'),(553,'2021-04-10 15:11:58','2021-04-10 15:11:58',NULL,1,1,2053,0,1534,'？'),(554,'2021-04-10 15:12:02','2021-04-10 15:12:02',NULL,1,1,1534,0,2053,'？'),(555,'2021-04-10 15:12:06','2021-04-10 15:12:06',NULL,1,1,2053,0,1534,'正常了'),(556,'2021-04-10 15:12:12','2021-04-10 15:12:12',NULL,1,1,1534,0,2053,'太不容易了'),(557,'2021-04-10 15:12:18','2021-04-10 15:12:18',NULL,1,1,2053,0,1534,'是的啊'),(558,'2021-04-10 15:12:24','2021-04-10 15:12:24',NULL,1,1,2053,0,1534,'这个sql查询太饶人了'),(559,'2021-04-10 15:12:30','2021-04-10 15:12:30',NULL,1,1,1534,0,2053,'[左哼哼]'),(560,'2021-04-10 15:12:42','2021-04-10 15:12:42',NULL,1,1,4803,0,2053,'你好'),(561,'2021-04-10 15:13:06','2021-04-10 15:13:06',NULL,1,1,2053,0,1534,'00'),(562,'2021-04-10 15:17:28','2021-04-10 15:17:28',NULL,1,1,2053,0,1534,'asfas'),(563,'2021-04-10 15:17:36','2021-04-10 15:17:36',NULL,1,1,1534,0,2053,'33'),(564,'2021-04-10 15:17:45','2021-04-10 15:17:45',NULL,1,1,1534,0,2053,'丁斯达格地'),(565,'2021-04-10 15:18:36','2021-04-10 15:18:36',NULL,1,1,1534,0,2053,'00'),(566,'2021-04-10 15:19:27','2021-04-10 15:19:27',NULL,1,1,1534,0,2053,'00'),(569,'2021-04-10 15:22:00','2021-04-10 15:22:00',NULL,1,1,1534,0,2053,'模压模压'),(570,'2021-04-10 15:23:19','2021-04-10 15:23:19',NULL,1,1,2053,0,1534,'asdf'),(571,'2021-04-10 15:23:21','2021-04-10 15:23:21',NULL,1,1,2053,0,1534,'123'),(572,'2021-04-10 15:23:22','2021-04-10 15:23:22',NULL,1,1,2053,0,1534,'asdfdasf'),(573,'2021-04-10 15:23:22','2021-04-10 15:23:22',NULL,1,1,2053,0,1534,'asdfsadf'),(574,'2021-04-10 15:23:22','2021-04-10 15:23:22',NULL,1,1,2053,0,1534,'sadfsadf'),(575,'2021-04-10 15:23:23','2021-04-10 15:23:23',NULL,1,1,2053,0,1534,'000'),(576,'2021-04-10 15:23:23','2021-04-10 15:23:23',NULL,1,1,1534,0,2053,'？'),(577,'2021-04-10 15:23:23','2021-04-10 15:23:23',NULL,1,1,2053,0,1534,'sadf'),(578,'2021-04-10 15:23:23','2021-04-10 15:23:23',NULL,1,1,2053,0,1534,'sadfdsf'),(579,'2021-04-10 15:23:23','2021-04-10 15:23:23',NULL,1,1,2053,0,1534,'sdf'),(580,'2021-04-10 15:24:22','2021-04-10 15:24:22',NULL,1,1,2053,0,1534,'wq'),(581,'2021-04-10 15:24:27','2021-04-10 15:24:27',NULL,1,1,1534,0,2053,'丁威勒村'),(582,'2021-04-10 15:24:40','2021-04-10 15:24:40',NULL,1,1,2053,0,1534,'突然就不行了'),(583,'2021-04-10 15:24:50','2021-04-10 15:24:50',NULL,1,1,2053,0,1534,'不知道程序卡哪里 了'),(584,'2021-04-10 15:24:58','2021-04-10 15:24:58',NULL,1,1,1534,0,2053,'我也闷逼'),(585,'2021-04-10 15:25:51','2021-04-10 15:25:51',NULL,1,1,1534,0,2053,'现在呢'),(588,'2021-04-10 15:38:55','2021-04-10 15:38:55',NULL,1,1,1534,0,2053,'.'),(589,'2021-04-10 15:39:25','2021-04-10 15:39:25',NULL,1,1,1534,0,2053,'sadf'),(590,'2021-04-10 15:39:36','2021-04-10 15:39:36',NULL,1,1,1534,0,2053,'sdaf'),(591,'2021-04-10 15:46:49','2021-04-10 15:46:49',NULL,1,1,1534,0,2053,'sadf'),(592,'2021-04-10 15:46:55','2021-04-10 15:46:55',NULL,1,1,2053,0,1534,'123'),(593,'2021-04-10 15:46:59','2021-04-10 15:46:59',NULL,1,1,2053,0,1534,'asdf'),(594,'2021-04-10 15:47:03','2021-04-10 15:47:03',NULL,1,1,2053,0,1534,'莱柯二氏试验sadf'),(595,'2021-04-10 15:47:11','2021-04-10 15:47:11',NULL,1,1,1534,0,2053,'???'),(596,'2021-04-10 15:47:16','2021-04-10 15:47:16',NULL,1,1,2053,0,1534,'消息变慢了'),(597,'2021-04-10 15:47:21','2021-04-10 15:47:21',NULL,1,1,1534,0,2053,'有吗'),(598,'2021-04-10 15:47:35','2021-04-10 15:47:35',NULL,1,1,2053,0,1534,'12'),(599,'2021-04-10 15:47:40','2021-04-10 15:47:40',NULL,1,1,1534,0,2053,'花飘万家雪'),(600,'2021-04-10 15:47:47','2021-04-10 15:47:47',NULL,1,1,1534,0,2053,'什么问题'),(601,'2021-04-10 15:47:52','2021-04-10 15:47:52',NULL,1,1,1534,0,2053,'是我的程序还是什么'),(602,'2021-04-10 15:47:56','2021-04-10 15:47:56',NULL,1,1,1534,0,2053,'我感觉是电脑卡'),(603,'2021-04-10 15:48:19','2021-04-10 15:48:19',NULL,1,1,2053,0,1534,'这个破电脑卡正常'),(604,'2021-04-10 15:48:26','2021-04-10 15:48:26',NULL,1,1,1534,0,2053,'[偷笑]'),(605,'2021-04-10 15:48:33','2021-04-10 15:48:33',NULL,1,1,2053,0,1534,'[胜利]'),(606,'2021-04-10 15:48:46','2021-04-10 15:48:46',NULL,1,1,2053,0,1534,'[敲打]'),(607,'2021-04-10 15:49:11','2021-04-10 15:49:11',NULL,1,1,2053,0,1534,'sdd'),(608,'2021-04-10 15:49:20','2021-04-10 15:49:20',NULL,1,1,1534,0,2053,'[委屈]'),(609,'2021-04-10 15:50:44','2021-04-10 15:50:44',NULL,1,1,2053,0,1534,'dsfasdf'),(610,'2021-04-10 15:50:49','2021-04-10 15:50:49',NULL,1,1,1534,0,2053,'好了没'),(611,'2021-04-10 15:52:30','2021-04-10 15:52:30',NULL,1,1,4803,0,2053,'12'),(612,'2021-04-10 18:46:13','2021-04-10 18:46:13',NULL,2,1,3230,0,2053,'1'),(613,'2021-04-10 18:46:19','2021-04-10 18:46:19',NULL,2,1,3230,0,2053,'45'),(614,'2021-04-10 18:46:24','2021-04-10 18:46:24',NULL,2,1,3230,0,2053,'88'),(615,'2021-04-10 18:47:09','2021-04-10 18:47:09',NULL,2,1,3230,0,1534,'hello'),(616,'2021-04-10 18:47:11','2021-04-10 18:47:11',NULL,2,1,3230,0,1534,'大家好'),(617,'2021-04-10 18:47:24','2021-04-10 18:47:24',NULL,2,1,3230,0,2053,'你好啊'),(618,'2021-04-10 18:47:33','2021-04-10 18:47:33',NULL,2,1,3230,0,2053,'小妹妹'),(619,'2021-04-10 18:47:42','2021-04-10 18:47:42',NULL,2,1,3230,0,1534,'[鼓掌]'),(620,'2021-04-10 18:48:12','2021-04-10 18:48:12',NULL,2,1,3230,0,2053,'888'),(621,'2021-04-10 18:48:41','2021-04-10 18:48:41',NULL,2,2,3230,0,1534,''),(622,'2021-04-10 18:49:30','2021-04-10 18:49:30',NULL,2,1,3230,0,4803,'6666'),(623,'2021-04-10 18:49:42','2021-04-10 18:49:42',NULL,2,1,3230,0,4803,'花飘万家雪'),(624,'2021-04-10 18:52:01','2021-04-10 18:52:01',NULL,2,1,3230,0,1534,'66'),(625,'2021-04-10 18:52:07','2021-04-10 18:52:07',NULL,2,1,3230,0,1534,'我来了'),(626,'2021-04-10 18:52:14','2021-04-10 18:52:14',NULL,2,1,3230,0,2053,'可以可以'),(627,'2021-04-10 18:52:23','2021-04-10 18:52:23',NULL,2,1,3230,0,1534,'[可爱]'),(628,'2021-04-10 18:52:46','2021-04-10 18:52:46',NULL,2,1,3230,0,1534,'234'),(629,'2021-04-10 18:53:08','2021-04-10 18:53:08',NULL,2,1,3230,0,4803,'有点乱哦'),(630,'2021-04-10 18:53:55','2021-04-10 18:53:55',NULL,2,1,3230,0,4803,'11'),(631,'2021-04-10 18:54:12','2021-04-10 18:54:12',NULL,2,1,3230,0,2053,'是浏览器的问题吗'),(632,'2021-04-10 18:54:32','2021-04-10 18:54:32',NULL,2,1,3230,0,4803,'？？'),(633,'2021-04-10 18:54:44','2021-04-10 18:54:44',NULL,2,1,3230,0,4803,'我发个信息'),(634,'2021-04-10 18:54:49','2021-04-10 18:54:49',NULL,2,1,3230,0,1534,'？'),(635,'2021-04-10 18:54:53','2021-04-10 18:54:53',NULL,2,1,3230,0,4803,'？'),(636,'2021-04-10 18:55:36','2021-04-10 18:55:36',NULL,2,1,3230,0,1534,'好了吗'),(637,'2021-04-10 18:56:14','2021-04-10 18:56:14',NULL,2,1,3230,0,4803,'ok'),(638,'2021-04-10 18:56:24','2021-04-10 18:56:24',NULL,2,1,3230,0,1534,'？？'),(639,'2021-04-10 18:56:36','2021-04-10 18:56:36',NULL,2,1,3230,0,4803,'什么情况'),(640,'2021-04-10 18:56:57','2021-04-10 18:56:57',NULL,2,1,3230,0,2053,'都能收到消息不'),(641,'2021-04-10 18:57:28','2021-04-10 18:57:28',NULL,2,1,3230,0,1534,'好了没'),(642,'2021-04-10 18:57:43','2021-04-10 18:57:43',NULL,2,1,3230,0,4803,'恩'),(643,'2021-04-10 18:57:44','2021-04-10 18:57:44',NULL,2,1,3230,0,4803,'好了'),(644,'2021-04-10 18:57:48','2021-04-10 18:57:48',NULL,2,1,3230,0,2053,'1'),(645,'2021-04-10 18:57:52','2021-04-10 18:57:52',NULL,2,1,3230,0,2053,'[坏笑]'),(646,'2021-04-10 18:58:09','2021-04-10 18:58:09',NULL,2,1,3230,0,2053,'dd'),(647,'2021-04-10 18:58:34','2021-04-10 18:58:34',NULL,1,1,1534,0,2053,'1'),(648,'2021-04-10 18:58:37','2021-04-10 18:58:37',NULL,1,1,4803,0,2053,'123'),(649,'2021-04-10 18:58:40','2021-04-10 18:58:40',NULL,2,1,3230,0,2053,'asdf'),(650,'2021-04-10 18:58:44','2021-04-10 18:58:44',NULL,2,1,3230,0,2053,'asdf'),(651,'2021-04-10 18:58:48','2021-04-10 18:58:48',NULL,2,1,3230,0,4803,'asdf'),(652,'2021-04-10 20:59:33','2021-04-10 20:59:33',NULL,2,1,3230,0,2053,'欢迎欢迎'),(653,'2021-04-10 20:59:47','2021-04-10 20:59:47',NULL,2,1,3230,0,2053,'1'),(654,'2021-04-12 11:44:19','2021-04-12 11:44:19',NULL,1,1,350,0,2053,'123'),(655,'2021-04-12 11:45:29','2021-04-12 11:45:29',NULL,1,1,2053,0,350,'1'),(656,'2021-04-12 11:45:52','2021-04-12 11:45:52',NULL,1,1,2053,0,350,'？'),(657,'2021-04-12 11:46:00','2021-04-12 11:46:00',NULL,1,1,350,0,2053,'<<'),(658,'2021-04-12 11:46:11','2021-04-12 11:46:11',NULL,1,1,350,0,2053,'wq vb'),(659,'2021-04-12 11:47:08','2021-04-12 11:47:08',NULL,1,1,2053,0,350,'》》'),(660,'2021-04-12 11:47:11','2021-04-12 11:47:11',NULL,1,1,2053,0,350,'怎么乱了'),(661,'2021-04-12 12:09:11','2021-04-12 12:09:11',NULL,1,1,350,0,2053,'123'),(662,'2021-04-12 12:11:26','2021-04-12 12:11:26',NULL,1,1,350,0,2053,'123'),(663,'2021-04-12 12:11:30','2021-04-12 12:11:30',NULL,1,1,2053,0,350,'777'),(664,'2021-04-12 13:27:50','2021-04-12 13:27:50',NULL,1,1,350,0,2053,'?'),(665,'2021-04-12 13:27:55','2021-04-12 13:27:55',NULL,1,1,2053,0,350,'好？'),(666,'2021-04-12 13:28:03','2021-04-12 13:28:03',NULL,1,1,350,0,2053,'asdf'),(667,'2021-04-12 13:28:08','2021-04-12 13:28:08',NULL,1,1,350,0,2053,'什么情况哦'),(668,'2021-04-12 13:28:12','2021-04-12 13:28:12',NULL,1,1,2053,0,350,'好了'),(669,'2021-04-12 13:28:17','2021-04-12 13:28:17',NULL,1,1,2053,0,350,'现在状态可以更新了'),(670,'2021-04-12 13:28:22','2021-04-12 13:28:22',NULL,1,1,350,0,2053,'好好'),(671,'2021-04-12 13:28:28','2021-04-12 13:28:28',NULL,1,1,350,0,2053,'好'),(672,'2021-04-12 13:28:39','2021-04-12 13:28:39',NULL,1,1,2053,0,350,'？？'),(673,'2021-04-12 13:28:43','2021-04-12 13:28:43',NULL,1,1,350,0,2053,'还是有bug'),(674,'2021-04-12 13:50:40','2021-04-12 13:50:40',NULL,1,1,2053,0,350,'现在呢'),(675,'2021-04-12 13:50:42','2021-04-12 13:50:42',NULL,1,1,2053,0,350,'可以了不'),(676,'2021-04-12 13:50:53','2021-04-12 13:50:53',NULL,1,1,350,0,2053,'现在应该可以了'),(677,'2021-04-12 13:50:58','2021-04-12 13:50:58',NULL,1,1,350,0,2053,'6666'),(678,'2021-04-12 13:51:14','2021-04-12 13:51:14',NULL,1,1,2053,0,350,'好好好'),(679,'2021-04-12 13:51:19','2021-04-12 13:51:19',NULL,1,1,350,0,2053,'解决了就行啊'),(680,'2021-04-12 13:57:01','2021-04-12 13:57:01',NULL,1,1,2053,0,350,'好好'),(681,'2021-04-12 13:57:04','2021-04-12 13:57:04',NULL,1,1,2053,0,350,'还是你牛逼啊'),(682,'2021-04-12 13:57:17','2021-04-12 13:57:17',NULL,1,1,350,0,2053,'牛逼啥哦'),(683,'2021-04-12 13:57:29','2021-04-12 13:57:29',NULL,1,1,350,0,2053,'现在生死未卜啊'),(684,'2021-04-12 13:57:36','2021-04-12 13:57:36',NULL,1,1,350,0,2053,'[哈欠]'),(685,'2021-04-12 13:57:41','2021-04-12 13:57:41',NULL,1,1,2053,0,350,'也是'),(686,'2021-04-12 13:57:48','2021-04-12 13:57:48',NULL,1,1,2053,0,350,'这种情况，哎'),(687,'2021-04-12 13:58:08','2021-04-12 13:58:08',NULL,1,1,350,0,2053,'自求多福吧'),(688,'2021-04-12 13:58:17','2021-04-12 13:58:17',NULL,1,1,350,0,2053,'[大兵]'),(689,'2021-04-12 13:58:26','2021-04-12 13:58:26',NULL,2,1,3230,0,2053,'群里怎么安静了'),(690,'2021-04-12 13:58:33','2021-04-12 13:58:33',NULL,2,1,3230,0,350,'咋？'),(691,'2021-04-12 13:58:40','2021-04-12 13:58:40',NULL,2,1,3230,0,2053,'拼接'),(692,'2021-04-12 13:58:43','2021-04-12 13:58:43',NULL,2,1,3230,0,350,'你'),(693,'2021-04-12 13:58:52','2021-04-12 13:58:52',NULL,1,1,2053,0,350,'还有谁'),(694,'2021-04-12 13:58:57','2021-04-12 13:58:57',NULL,1,1,350,0,2053,'6666'),(695,'2021-04-12 14:00:04','2021-04-12 14:00:04',NULL,1,1,4803,0,2053,'你好啊'),(696,'2021-04-12 14:00:37','2021-04-12 14:00:37',NULL,2,1,3230,0,1534,'什么情况'),(697,'2021-04-12 14:00:44','2021-04-12 14:00:44',NULL,1,1,2053,0,1534,'你好啊'),(698,'2021-04-12 14:00:57','2021-04-12 14:00:57',NULL,1,1,1534,0,2053,'你好'),(699,'2021-04-12 14:01:06','2021-04-12 14:01:06',NULL,1,1,1534,0,2053,'666'),(700,'2021-04-12 14:10:00','2021-04-12 14:10:00',NULL,2,1,3230,0,350,'111'),(701,'2021-04-12 14:10:13','2021-04-12 14:10:13',NULL,2,1,3230,0,2053,'?'),(702,'2021-04-12 14:10:18','2021-04-12 14:10:18',NULL,2,1,3230,0,350,'666'),(703,'2021-04-12 14:10:29','2021-04-12 14:10:29',NULL,1,1,350,0,2053,'?'),(704,'2021-04-12 14:10:40','2021-04-12 14:10:40',NULL,1,1,2053,0,350,'为毛'),(705,'2021-04-12 14:11:06','2021-04-12 14:11:06',NULL,1,1,2053,0,350,'记录的头像好像有问题'),(706,'2021-04-12 14:11:08','2021-04-12 14:11:08',NULL,1,1,2053,0,350,'？？'),(707,'2021-04-12 14:11:51','2021-04-12 14:11:51',NULL,1,1,2053,0,350,'1'),(708,'2021-04-12 14:13:47','2021-04-12 14:13:47',NULL,1,1,2053,0,350,'？'),(709,'2021-04-12 14:50:26','2021-04-12 14:50:26',NULL,1,1,350,0,2053,'123'),(710,'2021-04-12 14:50:38','2021-04-12 14:50:38',NULL,1,1,2053,0,350,'问题解决'),(711,'2021-04-12 14:50:41','2021-04-12 14:50:41',NULL,1,1,2053,0,350,'sql 语句问题'),(712,'2021-04-12 14:50:48','2021-04-12 14:50:48',NULL,1,1,350,0,2053,'好的'),(713,'2021-04-12 14:51:03','2021-04-12 14:51:03',NULL,2,1,3230,0,2053,'大家好哦'),(714,'2021-04-12 15:04:04','2021-04-12 15:04:04',NULL,2,1,3230,0,2053,'123'),(715,'2021-04-12 15:04:28','2021-04-12 15:04:28',NULL,2,1,3230,0,350,'？？'),(716,'2021-04-12 15:04:53','2021-04-12 15:04:53',NULL,2,1,3230,0,350,'123'),(717,'2021-04-12 15:20:08','2021-04-12 15:20:08',NULL,2,1,3230,0,4803,'...'),(718,'2021-04-12 15:21:29','2021-04-12 15:21:29',NULL,2,1,3230,0,4803,'1123'),(719,'2021-04-12 15:21:59','2021-04-12 15:21:59',NULL,2,1,3230,0,1534,'？'),(720,'2021-04-12 15:27:15','2021-04-12 15:27:15',NULL,2,1,3230,0,2053,'sadf'),(721,'2021-04-12 15:37:48','2021-04-12 15:37:48',NULL,2,1,3230,0,2053,'1'),(722,'2021-04-12 15:46:36','2021-04-12 15:46:36',NULL,2,1,1316,0,2053,'123'),(723,'2021-04-12 17:07:36','2021-04-12 17:07:36',NULL,2,1,1316,0,2053,'sdf'),(724,'2021-04-12 17:10:26','2021-04-12 17:10:26',NULL,2,1,1316,0,2053,'123123'),(725,'2021-04-12 17:11:21','2021-04-12 17:11:21',NULL,2,1,1316,0,1534,'？？'),(726,'2021-04-12 17:11:24','2021-04-12 17:11:24',NULL,2,1,1316,0,1534,'你在说什么'),(727,'2021-04-12 18:13:00','2021-04-12 18:13:00',NULL,2,1,1316,0,2053,'123'),(728,'2021-04-12 18:26:31','2021-04-12 18:26:31',NULL,2,1,1316,0,2053,'66'),(729,'2021-04-12 18:27:11','2021-04-12 18:27:11',NULL,2,1,1316,0,1534,'我来发个言'),(730,'2021-04-12 18:46:19','2021-04-12 18:46:19',NULL,1,1,350,0,2053,'[微笑]'),(731,'2021-04-12 18:46:52','2021-04-12 18:46:52',NULL,2,1,1316,0,2053,'你来'),(732,'2021-04-12 18:46:54','2021-04-12 18:46:54',NULL,2,1,1316,0,2053,'说'),(733,'2021-04-12 18:47:11','2021-04-12 18:47:11',NULL,2,1,1316,0,1534,'我们要坚持'),(734,'2021-04-12 18:47:28','2021-04-12 18:47:28',NULL,2,1,1316,0,1534,'明主'),(735,'2021-04-12 18:47:31','2021-04-12 18:47:31',NULL,2,1,1316,0,1534,'法制'),(736,'2021-04-12 18:47:33','2021-04-12 18:47:33',NULL,2,1,1316,0,1534,'和谐'),(737,'2021-04-12 18:47:39','2021-04-12 18:47:39',NULL,2,1,1316,0,2053,'停'),(738,'2021-04-12 18:47:43','2021-04-12 18:47:43',NULL,2,1,1316,0,2053,'过了啊'),(739,'2021-04-12 19:04:30','2021-04-12 19:04:30',NULL,2,1,1316,0,1534,'asdf'),(740,'2021-04-12 19:04:45','2021-04-12 19:04:45',NULL,2,1,1316,0,2053,'?'),(741,'2021-04-12 19:05:01','2021-04-12 19:05:01',NULL,2,1,1316,0,2053,'明'),(742,'2021-04-12 19:05:10','2021-04-12 19:05:10',NULL,2,1,1316,0,1534,'在的'),(743,'2021-04-12 19:05:14','2021-04-12 19:05:14',NULL,2,1,1316,0,2053,'1'),(744,'2021-04-12 19:06:38','2021-04-12 19:06:38',NULL,2,1,1316,0,2053,'......'),(745,'2021-04-12 19:11:29','2021-04-12 19:11:29',NULL,1,1,1534,0,2053,'？'),(746,'2021-04-12 19:11:35','2021-04-12 19:11:35',NULL,1,1,2053,0,1534,'why'),(747,'2021-04-12 19:11:41','2021-04-12 19:11:41',NULL,1,1,2053,0,1534,'what happen'),(748,'2021-04-12 19:11:45','2021-04-12 19:11:45',NULL,1,1,2053,0,1534,'[篮球]'),(749,'2021-04-13 12:59:54','2021-04-13 12:59:54',NULL,1,2,350,0,2053,''),(750,'2021-04-13 13:01:56','2021-04-13 13:01:56',NULL,2,2,1316,0,2053,''),(751,'2021-04-13 13:07:58','2021-04-13 13:07:58',NULL,2,2,1316,0,2053,''),(752,'2021-04-13 13:09:06','2021-04-13 13:09:06',NULL,2,2,1316,0,2053,''),(753,'2021-04-13 13:09:14','2021-04-13 13:09:14',NULL,2,2,1316,0,2053,''),(754,'2021-04-13 13:25:33','2021-04-13 13:25:33',NULL,2,2,1316,0,2053,''),(755,'2021-04-13 14:02:15','2021-04-13 14:02:15',NULL,2,2,1316,0,2053,''),(756,'2021-04-13 14:02:15','2021-04-13 14:02:15',NULL,2,2,1316,0,2053,''),(757,'2021-04-13 14:04:49','2021-04-13 14:04:49',NULL,2,2,1316,0,2053,''),(758,'2021-04-13 14:04:52','2021-04-13 14:04:52',NULL,2,2,1316,0,2053,''),(759,'2021-04-13 14:04:56','2021-04-13 14:04:56',NULL,2,2,1316,0,2053,''),(760,'2021-04-13 14:09:40','2021-04-13 14:09:40',NULL,2,2,1316,0,2053,''),(761,'2021-04-13 19:14:34','2021-04-13 19:14:34',NULL,1,1,350,0,2053,'123'),(762,'2021-04-13 19:14:50','2021-04-13 19:14:50',NULL,1,1,350,0,2053,'123'),(763,'2021-04-13 19:15:01','2021-04-13 19:15:01',NULL,1,1,350,0,2053,'123'),(764,'2021-04-13 19:15:47','2021-04-13 19:15:47',NULL,1,1,350,0,2053,'123'),(765,'2021-04-13 19:17:52','2021-04-13 19:17:52',NULL,2,1,1316,0,2053,'123'),(766,'2021-04-13 19:18:15','2021-04-13 19:18:15',NULL,2,1,1316,0,1534,'哟吼'),(767,'2021-04-13 19:18:24','2021-04-13 19:18:24',NULL,2,1,1316,0,1534,'》》》》'),(768,'2021-04-13 19:18:26','2021-04-13 19:18:26',NULL,2,1,1316,0,1534,'？？'),(769,'2021-04-13 19:18:28','2021-04-13 19:18:28',NULL,2,1,1316,0,1534,'哟吼'),(770,'2021-04-13 19:18:31','2021-04-13 19:18:31',NULL,2,1,1316,0,1534,'怎么没发出去'),(771,'2021-04-13 19:18:44','2021-04-13 19:18:44',NULL,2,1,1316,0,2053,'我也奇怪'),(772,'2021-04-13 19:21:42','2021-04-13 19:21:42',NULL,2,1,1316,0,1534,'123'),(773,'2021-04-13 19:22:01','2021-04-13 19:22:01',NULL,2,1,1316,0,350,'来了'),(774,'2021-04-13 19:22:04','2021-04-13 19:22:04',NULL,2,1,1316,0,2053,'哟吼'),(775,'2021-04-13 19:22:06','2021-04-13 19:22:06',NULL,2,1,1316,0,2053,'你来了'),(776,'2021-04-13 19:22:11','2021-04-13 19:22:11',NULL,2,1,1316,0,350,'是啊'),(777,'2021-04-13 19:24:07','2021-04-13 19:24:07',NULL,2,1,1316,0,2053,'123'),(778,'2021-04-13 20:14:09','2021-04-13 20:14:09',NULL,1,1,2053,0,4803,'ok'),(779,'2021-04-13 20:14:18','2021-04-13 20:14:18',NULL,1,1,2053,0,4803,'更新在线状态完成'),(780,'2021-04-13 20:14:23','2021-04-13 20:14:23',NULL,1,1,4803,0,2053,'6666'),(781,'2021-04-13 20:14:29','2021-04-13 20:14:29',NULL,1,1,4803,0,2053,'还是你牛逼啊'),(782,'2021-04-13 20:14:42','2021-04-13 20:14:42',NULL,1,1,4803,0,2053,'我发消息，你怎么收不到'),(783,'2021-04-13 20:14:49','2021-04-13 20:14:49',NULL,1,1,4803,0,2053,'？？'),(784,'2021-04-13 20:14:59','2021-04-13 20:14:59',NULL,1,1,2053,0,4803,'中间喽了一菊花'),(785,'2021-04-13 20:15:03','2021-04-13 20:15:03',NULL,1,1,4803,0,2053,'什么情况'),(786,'2021-04-13 20:15:07','2021-04-13 20:15:07',NULL,1,1,4803,0,2053,'？？？'),(787,'2021-04-13 20:15:10','2021-04-13 20:15:10',NULL,1,1,4803,0,2053,'顶替'),(788,'2021-04-13 20:15:11','2021-04-13 20:15:11',NULL,1,1,4803,0,2053,'df'),(789,'2021-04-13 20:15:12','2021-04-13 20:15:12',NULL,1,1,4803,0,2053,'ef'),(790,'2021-04-13 20:15:20','2021-04-13 20:15:20',NULL,1,1,2053,0,4803,'母鸡啊'),(791,'2021-04-13 20:23:42','2021-04-13 20:23:42',NULL,1,1,2053,0,350,'ok'),(792,'2021-04-13 20:23:52','2021-04-13 20:23:52',NULL,1,1,350,0,2053,'目前测试正常'),(793,'2021-04-13 20:23:58','2021-04-13 20:23:58',NULL,1,1,2053,0,350,'no problem'),(794,'2021-04-13 20:24:02','2021-04-13 20:24:02',NULL,1,1,350,0,2053,'好的'),(795,'2021-04-13 20:53:11','2021-04-13 20:53:11',NULL,2,1,1316,0,350,'sdfsdfsadfasdf'),(796,'2021-04-13 20:53:13','2021-04-13 20:53:13',NULL,2,1,1316,0,350,'dsfadsfasdfasdf'),(797,'2021-04-13 20:53:44','2021-04-13 20:53:44',NULL,2,1,1316,0,350,'12312312312312'),(798,'2021-04-14 11:59:17','2021-04-14 11:59:17',NULL,1,1,2053,0,350,'asdf'),(799,'2021-04-14 12:06:22','2021-04-14 12:06:22',NULL,1,1,2053,0,350,'sdafasdf'),(800,'2021-04-14 13:46:28','2021-04-14 13:46:28',NULL,2,1,1316,0,2053,'00'),(801,'2021-04-14 13:46:32','2021-04-14 13:46:32',NULL,2,1,1316,0,350,'???'),(802,'2021-04-14 14:16:23','2021-04-14 14:16:23',NULL,2,1,1316,0,350,'??'),(803,'2021-04-14 14:16:36','2021-04-14 14:16:36',NULL,2,1,1316,0,2053,'感谢有你'),(804,'2021-04-14 14:16:46','2021-04-14 14:16:46',NULL,2,1,1316,0,350,'也谢谢你'),(805,'2021-04-14 14:17:07','2021-04-14 14:17:07',NULL,2,1,1316,0,350,'还有很多功能，我就不开发了'),(806,'2021-04-14 14:17:13','2021-04-14 14:17:13',NULL,2,1,1316,0,2053,'好的'),(807,'2021-04-14 14:17:15','2021-04-14 14:17:15',NULL,2,1,1316,0,2053,'就这样吧'),(808,'2021-04-14 14:17:21','2021-04-14 14:17:21',NULL,2,1,1316,0,350,'[坏笑]'),(809,'2021-04-14 14:17:30','2021-04-14 14:17:30',NULL,2,1,1316,0,350,'不容易啊'),(810,'2021-04-14 14:17:36','2021-04-14 14:17:36',NULL,2,1,1316,0,2053,'[偷笑]');

/*!40101 SET SQL_MODE=@OLD_SQL_MODE */;
/*!40014 SET FOREIGN_KEY_CHECKS=@OLD_FOREIGN_KEY_CHECKS */;
/*!40014 SET UNIQUE_CHECKS=@OLD_UNIQUE_CHECKS */;
/*!40111 SET SQL_NOTES=@OLD_SQL_NOTES */;
